GEOID10_TRACT,mean_neighbor_score_updated,HSEF,P200_PFS,donut_hole_dac,donut_hole_dac_additional_constraints
20011955900,0.5,0.098949211908932,0.82,False,False
20125950800,0.6,0.102027679433537,0.44,False,False
20125951000,1.0,0.251623376623377,0.97,True,True
20209042502,0.8,,,False,False
20055960401,0.75,0.108003108003108,0.38,False,False
20021958400,0.4,0.076793957196811,0.52,False,False
20209045100,0.75,0.11358024691358,0.83,False,False
20035494000,0.75,0.168141592920354,0.8,False,False
20173001400,0.8333333333333334,0.054719059860448,0.33,False,False
20173002900,0.75,0.07292759706191,0.78,False,False
20173006100,0.75,0.180546726001271,0.89,False,False
36063021000,1.0,0.126310534198702,0.62,True,True
36085007700,0.8,0.190311418685121,0.63,False,False
36075021103,0.75,0.046750818139317,0.58,False,False
36055009400,1.0,0.240605720695457,0.85,True,True
36015000600,1.0,0.099541584806811,0.97,True,True
36061001401,1.0,0.04251012145749,0.14,True,True
36061021703,0.8333333333333334,0.0,0.0,False,False
36061021400,1.0,0.068745570517364,0.4,True,True
36061025500,0.6,0.17399658411614,0.55,False,False
36061028100,0.75,0.04463615903976,0.11,False,False
36061002602,0.8,0.125698324022346,0.51,False,False
36061031100,0.9473684210526315,,,True,True
36061025900,0.7777777777777778,0.071929177425304,0.59,False,False
36061023100,0.8571428571428571,0.210486750610787,0.64,True,True
36067002901,0.75,0.027851458885942,0.36,False,False
36047033500,0.75,0.111185983827493,0.64,False,False
36047055200,0.75,0.093787575150301,0.41,False,False
36047020400,0.8,0.138950480413895,0.32,False,False
36047036700,0.8571428571428571,0.268611670020121,0.42,True,False
36047037100,0.75,0.123213070115725,0.41,False,False
36047107800,0.8571428571428571,0.125244618395303,0.47,True,False
36047081000,0.75,0.10733137829912,0.57,False,False
36047048500,0.8888888888888888,0.117159763313609,0.52,True,True
36047039600,1.0,0.086391437308869,0.54,True,True
36047059600,0.8333333333333334,0.072737068965517,0.41,False,False
36047060000,0.75,0.098938513919487,0.35,False,False
36047007000,0.8333333333333334,0.064696892511462,0.25,False,False
36047113200,1.0,0.109048723897912,0.55,True,True
36047035602,0.8571428571428571,0.032019704433497,0.5,True,True
36047037401,0.8333333333333334,0.082048118445404,0.51,False,False
36067001900,0.8333333333333334,0.115489542285541,0.43,False,False
36067005000,0.8333333333333334,0.026206075044669,0.28,False,False
36047029100,0.8333333333333334,0.11600164541341,0.39,False,False
36047041300,0.8333333333333334,0.232876712328767,0.63,False,False
36047041500,0.8,0.203425229741019,0.61,False,False
36047049400,0.8,0.098380468938845,0.59,False,False
36047042300,1.0,0.27822426329889,0.6,True,True
36047044200,1.0,0.06288532675709,0.4,True,True
36047008600,1.0,,,True,True
36047052800,1.0,0.186584425597533,0.43,True,False
36047045200,0.8571428571428571,0.034236804564907,0.35,True,True
36047045800,0.8571428571428571,0.077277970011534,0.14,True,False
36047027900,0.75,0.170534069981584,0.6,False,False
36047118201,0.75,0.137063655030801,0.53,False,False
36047118600,0.875,0.230290456431535,0.42,True,False
36047079602,0.8333333333333334,0.087659574468085,0.55,False,False
36047018400,0.8333333333333334,0.213900862068965,0.48,False,False
36047088400,1.0,0.195700994546038,0.59,True,True
36119000401,0.7142857142857143,0.179141539553033,0.64,False,False
36119001301,0.75,0.169961977186312,0.48,False,False
36119982000,1.0,0.352905569007264,,True,True
36081018102,0.75,0.095454545454545,0.28,False,False
36029006800,0.75,0.058119658119658,0.62,False,False
36081071702,0.75,0.04287556415216,0.41,False,False
36081077908,1.0,0.137226970560304,0.86,True,True
36081038301,0.75,,,False,False
36081099801,0.75,0.178528554278854,0.4,False,False
36081014800,0.8333333333333334,0.303727200634417,0.64,False,False
36081097300,0.8,0.142338416848221,0.1,False,False
36081028100,1.0,0.09518855656697,0.48,True,False
36081053900,0.8888888888888888,0.172446706967865,0.33,True,False
36081055500,0.8333333333333334,0.231034482758621,0.62,False,False
36081043400,0.8571428571428571,0.144984326018809,0.13,True,False
36029010202,0.7777777777777778,0.056365786361845,0.74,False,False
36081020800,0.8571428571428571,0.283045977011494,0.41,True,False
36081024600,0.8333333333333334,,,False,False
36081121100,1.0,,,True,True
36081122701,1.0,0.082904157769124,0.4,True,False
36029016500,0.8571428571428571,0.158593231585932,0.51,True,True
36081134700,0.8333333333333334,0.084572724981094,0.41,False,False
36065021101,1.0,0.166939443535188,0.97,True,True
36065026500,0.8333333333333334,0.396825396825397,0.99,False,False
36103145602,0.75,0.305166475315729,0.43,False,False
36073040700,1.0,0.18408215661104,0.64,True,True
36005008400,0.75,0.187839305103149,0.38,False,False
36005034200,0.8571428571428571,0.308702791461412,0.55,True,True
36005033400,0.9411764705882353,0.076923076923077,0.55,True,True
36005000400,0.8571428571428571,0.112679671457906,0.31,True,False
36005002400,0.875,0.0,0.0,True,True
36005016300,1.0,,,True,True
36005022800,1.0,0.200046414481318,0.58,True,True
36005006100,1.0,0.121231558691469,0.46,True,False
36005004001,1.0,0.334293948126801,0.51,True,True
36005028100,1.0,0.144574398960364,0.39,True,False
36005039700,0.75,0.218325791855204,0.74,False,False
36005038800,0.8333333333333334,0.235139400315623,0.56,False,False
36005017100,1.0,,,True,True
36005002800,0.8571428571428571,0.093900278410529,0.44,True,False
36005024900,1.0,,,True,True
36005026100,1.0,0.09310761789601,0.08,True,False
36011041400,0.75,0.089868825006977,0.71,False,False
41057960600,0.75,0.068418171866448,0.57,False,False
41039004100,0.8,0.042241126430038,0.65,False,False
41051008201,0.8571428571428571,0.106179286335944,0.45,True,False
41033361000,0.8,0.084605757196496,0.51,False,False
16027021500,1.0,0.156746031746032,0.91,True,True
16017950200,0.8,0.077767749699158,0.39,False,False
16017950600,0.6,0.076742823667252,0.43,False,False
16021970100,1.0,0.086161879895561,0.57,True,True
16003950100,0.75,0.034090909090909,0.37,False,False
16005000800,0.75,0.129431162407255,0.96,False,False
56023978400,1.0,0.037928221859706,0.28,True,True
01091973400,0.8,0.082017712745475,0.51,False,False
01127021700,0.8,0.166906474820144,0.64,False,False
01073012304,0.8,0.086549707602339,0.21,False,False
01073005103,1.0,0.186157517899761,0.61,True,True
01073012401,0.75,0.093639575971731,0.32,False,False
01073003001,1.0,0.187790311877903,0.87,True,True
01073001100,0.8571428571428571,0.082191780821918,0.63,True,True
01073012403,0.8,0.151194852941176,0.61,False,False
01019956100,0.6666666666666666,0.14652489626556,0.56,False,False
01019956000,0.75,0.203486529318542,0.61,False,False
01073002305,0.8,0.059944422389837,0.35,False,False
01067030500,1.0,0.168238993710692,0.42,True,False
01089000503,0.875,0.089018302828619,0.6,True,True
01003010100,0.7777777777777778,0.221187427240978,0.57,False,False
01089000202,0.75,0.220670391061453,0.94,False,False
01073005302,0.75,0.076476613178559,0.21,False,False
01047956201,0.8,0.213598074608905,0.65,False,False
01047956701,0.75,0.068890500362581,0.43,False,False
01047956100,0.75,0.12502756339581,0.49,False,False
01013952800,1.0,0.079507278835386,0.46,True,False
01013953300,1.0,0.122038765254846,0.5,True,True
01059973100,0.8,0.109080841638981,0.61,False,False
01087231700,1.0,0.251515151515152,0.68,True,True
01087232100,1.0,0.150060024009604,0.74,True,True
01095030902,1.0,0.102130537707136,0.4,True,False
01039962400,0.75,0.10228802153432,0.37,False,False
01039962900,0.875,0.145644599303136,0.38,True,False
01039961900,1.0,0.112965340179718,0.43,True,False
01121010201,0.8,0.127726952850105,0.43,False,False
01121010900,0.8,0.188857938718663,0.59,False,False
01121010700,0.8,0.244748412310698,0.82,False,False
01073013400,1.0,0.108391608391608,0.62,True,True
01073013902,0.8,0.098208360982084,0.59,False,False
01097007400,0.8181818181818182,0.072451193058568,0.63,False,False
01055010402,0.75,0.064578180818906,0.33,False,False
01055010700,0.8333333333333334,0.129195940671351,0.63,False,False
01045020200,0.8333333333333334,0.166453265044814,0.38,False,False
01119011300,0.8333333333333334,0.108631826189078,0.84,False,False
01097003408,0.75,0.10981697171381,0.63,False,False
01125011701,1.0,0.240592227020358,0.89,True,True
01093964700,1.0,0.151315789473684,0.6,True,True
01093964200,0.6666666666666666,0.150333016175071,0.64,False,False
01097001002,0.8571428571428571,0.10379746835443,0.64,True,True
01015981903,0.75,,,False,False
01049960100,0.6666666666666666,0.222670144652597,0.62,False,False
01049960700,1.0,0.325763508222396,0.85,True,True
01097005900,0.8571428571428571,0.163833075734158,0.56,True,True
01129043900,0.8,0.229771784232365,0.59,False,False
01017954300,0.75,0.137996219281664,0.61,False,False
01025957601,0.8333333333333334,0.184397163120567,0.64,False,False
01025957902,1.0,0.167148014440433,0.64,True,True
01025957602,0.8,0.171404913055479,0.69,False,False
01011952500,0.7777777777777778,0.227014218009479,0.52,False,False
01133965502,0.75,0.144144144144144,0.64,False,False
01113030902,0.8888888888888888,0.1053998632946,0.37,True,False
01099076100,1.0,0.117038399632099,0.72,True,True
01101000900,1.0,0.066942719116632,0.11,True,True
01101005901,0.8333333333333334,0.206086956521739,0.53,False,False
01065040000,0.8,0.144897102057959,0.65,False,False
01053970100,1.0,0.111346444780635,0.39,True,False
01057020200,0.75,0.103437094682231,0.58,False,False
17201001700,0.8333333333333334,0.118961038961039,0.48,False,False
17201003604,1.0,0.152229625832906,0.86,True,True
17043840103,0.75,0.066824237215299,0.26,False,False
17121952400,0.75,0.055692633063095,0.51,False,False
17127970100,0.7142857142857143,0.094773299748111,0.56,False,False
17161024500,0.6363636363636364,0.264588329336531,0.86,False,False
17077010400,0.8333333333333334,0.057730780222921,0.32,False,False
17119401200,0.6,0.109181141439206,0.59,False,False
17095000800,1.0,0.071094480823199,0.97,True,True
17165956000,0.75,0.095665171898356,0.77,False,False
17031010701,0.8571428571428571,0.073442136498516,0.53,True,True
17031831300,0.9,0.194029850746269,0.57,True,True
17031020701,0.875,0.078635014836795,0.34,True,False
17031190401,1.0,0.177334732423924,0.46,True,False
17031842600,0.8333333333333334,0.227226549271927,0.37,False,False
17031842000,0.7777777777777778,0.128792987188132,0.36,False,False
17031839700,0.8333333333333334,0.172955974842767,0.61,False,False
17031730202,0.8333333333333334,0.050734312416555,0.44,False,False
17031836000,1.0,0.045612009237875,0.63,True,True
17031835700,0.875,0.0,0.84,True,True
17031490902,0.8333333333333334,0.135374149659864,0.57,False,False
17031310400,0.8,0.122727272727273,0.44,False,False
17031821402,1.0,0.060940695296524,0.4,True,True
17031816300,0.8,0.254752851711027,0.62,False,False
17031351500,0.8,0.070135746606335,0.92,False,False
17031381700,0.8571428571428571,,,True,True
17031381900,1.0,0.071512309495897,0.43,True,True
17031230900,0.8333333333333334,0.234912577552171,0.6,False,False
17031440300,0.75,0.08522396742292,0.44,False,False
17031191000,0.9,0.347826086956522,0.48,True,False
17031805112,0.75,0.184391427416094,0.34,False,False
17031826201,0.8888888888888888,0.099509460406447,0.56,True,True
17031700100,0.7777777777777778,0.220575022461815,0.49,False,False
17031520500,0.6,0.220116172424335,0.57,False,False
17031490400,0.75,0.045955882352941,0.2,False,False
17031980000,0.7777777777777778,,,False,False
17031251700,1.0,0.138957816377171,0.48,True,False
17031829500,0.75,0.172054998141955,0.75,False,False
17031500100,0.8571428571428571,0.075903614457831,0.39,True,False
17031590600,1.0,0.244196843082637,0.57,True,True
17031610800,0.75,0.079024390243902,0.5,False,False
17031813500,0.7777777777777778,0.34294017922015,0.63,False,False
17031823500,0.75,0.159896840747905,0.63,False,False
17031822900,0.75,0.114028507126782,0.57,False,False
17031140200,0.8571428571428571,0.270181634712412,0.84,True,True
17031282800,0.75,0.05744888023369,0.67,False,False
17089854302,0.75,0.354990583804143,0.59,False,False
17089852907,0.75,0.256301531213192,0.61,False,False
17101881100,0.75,0.124574209245742,0.54,False,False
40091780100,0.75,0.130270610446822,0.57,False,False
40041375700,1.0,0.095915032679738,0.61,True,True
40023967000,0.75,0.144252108300044,0.58,False,False
40043959300,0.75,0.056516724336794,0.57,False,False
40109107214,0.8888888888888888,0.145535273803651,0.73,True,True
40109107002,0.8,0.359055118110236,0.72,False,False
40079040500,0.875,0.113299163744268,0.63,True,True
40109103800,0.8571428571428571,0.004587155963303,0.2,True,True
40109103601,0.75,0.036649214659686,0.29,False,False
40109103200,0.8,0.21263016459523,0.43,False,False
40057967800,0.7142857142857143,0.202845100105374,0.63,False,False
40143008502,0.8,0.130791788856305,0.6,False,False
40143002000,0.8333333333333334,0.147302904564315,0.79,False,False
40013796001,1.0,0.126782531194296,0.6,True,True
40013795600,0.75,0.110529377545084,0.64,False,False
40013796200,1.0,0.148865979381443,0.91,True,True
40025950100,0.5714285714285714,0.14616497829233,0.56,False,False
40097040501,0.8333333333333334,0.146660846791794,0.56,False,False
40115574100,0.5833333333333334,0.131182795698925,0.6,False,False
40115574700,0.8571428571428571,0.079497907949791,0.48,True,False
40021978100,0.75,0.110605249062667,0.7,False,False
40021978300,0.8,0.138512710857686,0.63,False,False
40033871200,0.6666666666666666,0.14030443414957,0.62,False,False
40061279400,0.8333333333333334,0.146314012380416,0.64,False,False
40037020900,0.75,0.061674008810573,0.56,False,False
40049681200,0.75,0.128225175918686,0.63,False,False
37153970200,0.875,0.239473684210526,0.6,True,True
37153970400,1.0,0.119758216849263,0.6,True,True
37101040400,1.0,0.120160213618157,0.56,True,True
37101040800,0.8333333333333334,0.16307800917755,0.65,False,False
37051001604,0.75,0.096133751306165,0.68,False,False
37083930200,1.0,0.093080980452994,0.6,True,True
37023020202,0.8,0.11373182552504,0.51,False,False
37023021302,1.0,0.18711766822598,0.59,True,True
37023020500,0.75,0.11220958971824,0.56,False,False
37023020801,0.8,0.1330900243309,0.53,False,False
37051002900,0.75,0.131822863027806,0.62,False,False
37063001303,0.8,0.136189747513389,0.8,False,False
37051003001,0.8571428571428571,0.095630955147571,0.47,True,False
37171930101,0.6,0.265682656826568,0.67,False,False
37171930302,0.75,0.149851632047478,0.67,False,False
37155960900,1.0,0.093209054593875,0.6,True,True
37013930200,0.8,0.162203023758099,0.55,False,False
37155961301,1.0,0.099345288926843,0.55,True,True
37155960502,1.0,0.168761220825853,0.89,True,True
37067001601,0.8,0.112787926926132,0.64,False,False
37119001609,1.0,0.221814848762603,0.78,True,True
37119001923,1.0,0.137191854233655,0.66,True,True
37119001510,0.8333333333333334,0.159741458910434,0.58,False,False
37119004700,0.8333333333333334,0.23030303030303,0.94,False,False
37119001400,0.8571428571428571,0.112328767123288,0.4,True,False
37119006009,0.8,0.125292740046838,0.45,False,False
37081013601,1.0,0.225806451612903,0.88,True,True
37147001600,0.9,0.107784431137724,0.56,True,True
37147000701,0.75,0.185129740518962,0.94,False,False
37191000800,0.75,0.194074969770254,0.6,False,False
37191000500,1.0,0.026655202063629,0.8,True,True
37191000401,0.8,0.118299445471349,0.57,False,False
37191000303,0.8333333333333334,0.110091743119266,0.54,False,False
37061090501,0.8333333333333334,0.139644351464435,0.54,False,False
37061090701,0.8571428571428571,0.186705412277515,0.63,True,True
37181960400,1.0,0.107479784366577,0.52,True,True
37195000501,0.75,0.110065170166546,0.12,False,False
37159050400,0.8,0.133676092544987,0.93,False,False
37043950100,0.6,0.10595690747782,0.56,False,False
37161960600,0.8,0.222642938280954,0.8,False,False
37047930300,1.0,0.14207650273224,0.56,True,True
37047930800,1.0,0.085617597292724,0.4,True,False
37065021300,1.0,0.191531685137823,0.64,True,True
37065020700,0.8333333333333334,0.15878616796048,0.62,False,False
37085070903,0.75,0.093707250341997,0.41,False,False
37075920200,1.0,0.195808383233533,0.56,True,True
37151030201,0.8,0.117344753747323,0.64,False,False
37017950500,1.0,0.130494237155694,0.6,True,True
37151030802,0.875,0.16519374575119,0.4,True,False
37151031503,0.75,0.169049621530698,0.66,False,False
37039930300,0.8571428571428571,0.094339622641509,0.64,True,True
37039930500,0.8,0.082140342642572,0.5,False,False
37049960102,0.7777777777777778,0.170205706702057,0.55,False,False
37187950300,0.8,0.152356902356902,0.54,False,False
37129010900,0.8,0.086285714285714,0.45,False,False
37141920402,0.75,0.171144644828855,0.5,False,False
37129980100,0.75,,,False,False
37009970400,0.75,0.152114967462039,0.62,False,False
37009970800,0.8333333333333334,0.137036075785102,0.69,False,False
37085070401,0.8571428571428571,0.146896804994491,0.62,True,True
37165010600,0.9,0.164179104477612,0.64,True,True
37165010101,1.0,0.100445524503848,0.46,True,False
37033930400,0.8,0.190317195325543,0.41,False,False
37133000600,1.0,0.0,0.43,True,True
37091950401,1.0,0.140385371608337,0.48,True,False
37133001000,1.0,0.0,0.94,True,True
37133002201,0.75,0.089125946317963,0.48,False,False
37193960400,0.75,0.195735689588936,0.68,False,False
37111970100,0.7777777777777778,0.181749241658241,0.5,False,False
37111970400,0.75,0.251826595226498,0.82,False,False
37071030901,0.8,0.229465449804433,0.63,False,False
21125970100,0.8,0.170383586083854,0.73,False,False
21067000200,0.8333333333333334,0.204931506849315,0.98,False,False
21111009105,1.0,0.187961385576377,0.48,True,False
21137920200,0.8333333333333334,0.203998919211024,0.72,False,False
21111003500,0.8571428571428571,0.208374875373878,0.99,True,True
21111012601,0.8333333333333334,0.108834586466165,0.47,False,False
21111012604,0.75,0.158389963408259,0.61,False,False
21111004600,1.0,0.216172155200522,0.58,True,True
21111005000,1.0,0.172278778386844,0.92,True,True
21171930100,0.8333333333333334,0.202411714039621,0.52,False,False
21061980100,1.0,,0.99,True,True
21135930100,0.75,0.19335250878875,0.67,False,False
21117061100,0.75,0.044263775971093,0.56,False,False
21205950100,0.8333333333333334,0.159054699946893,0.69,False,False
21183920400,1.0,0.239185750636132,0.61,True,True
21205950200,0.75,0.129883624272652,0.77,False,False
21173920400,0.8333333333333334,0.213119450014323,0.75,False,False
21085950400,0.8,0.126801801801802,0.76,False,False
21193970300,1.0,0.261451363870304,0.73,True,True
21223100100,0.375,0.140138408304498,0.54,False,False
21199930501,1.0,0.119163621599675,0.44,True,False
21199930402,1.0,0.098468271334792,0.41,True,False
21235920600,0.8333333333333334,0.21256038647343,0.82,False,False
21235920300,0.75,0.124009423859499,0.69,False,False
21119960300,1.0,0.242699289660616,0.87,True,True
21195931400,1.0,0.137048192771084,0.8,True,True
21055930300,0.8333333333333334,0.153276955602537,0.63,False,False
21195931600,1.0,0.292576419213974,0.63,True,True
21031930500,0.8571428571428571,0.116040955631399,0.41,True,False
21009950100,1.0,0.165839536807279,0.48,True,False
21025920100,1.0,0.171461449942463,0.84,True,True
47071920500,0.8333333333333334,0.20225321888412,0.59,False,False
47129110500,0.8888888888888888,0.193036211699164,0.64,True,True
47173040201,1.0,0.221332362577357,0.6,True,True
47091956200,0.8,0.094692400482509,0.5,False,False
47081950302,0.8,0.191198786039454,0.58,False,False
47167040900,0.8333333333333334,0.096153846153846,0.46,False,False
47093001800,0.8,0.057813394390384,0.64,False,False
47059091400,0.8,0.137014314928425,0.62,False,False
47059090300,0.75,0.092481383617583,0.57,False,False
47013950800,1.0,0.175186368477103,0.44,True,False
47013950500,0.75,0.188645621181263,0.52,False,False
47049965300,0.75,0.146206533192834,0.79,False,False
47059090600,0.8571428571428571,0.104098893949252,0.63,True,True
47047060800,0.8333333333333334,0.133901399878271,0.47,False,False
47163042801,1.0,0.124558749369642,0.64,True,True
47163042500,0.7142857142857143,0.118875807064185,0.51,False,False
47163043100,0.625,0.160315985130111,0.68,False,False
47163043201,0.8333333333333334,0.089230769230769,0.49,False,False
47093000800,0.8333333333333334,0.148648648648649,0.96,False,False
47025970600,0.8571428571428571,0.18242385786802,0.62,True,True
47035970301,0.75,0.158181818181818,0.72,False,False
47037015900,0.8888888888888888,0.231828193832599,0.97,True,True
47037012702,0.875,0.057185479860766,0.64,True,True
47017962100,0.875,0.155602143023527,0.57,True,True
47073050503,0.75,0.116455012158876,0.59,False,False
47151975000,0.8,0.193861693861694,0.82,False,False
47037015700,0.8333333333333334,0.153368794326241,0.53,False,False
47037015614,0.75,0.11467410247473,0.45,False,False
47037013602,0.8,0.0,0.98,False,False
47037014200,0.8333333333333334,0.268124280782509,0.96,False,False
47077975000,0.875,0.173856773080242,0.47,True,False
47133950500,0.8571428571428571,0.11672203765227,0.65,True,True
47065002800,0.7777777777777778,0.079810495626822,0.33,False,False
47181950300,0.8,0.232408524326498,0.64,False,False
47123925400,0.8,0.1953184374525,0.66,False,False
47157000100,0.8888888888888888,0.018173007026896,0.31,True,True
47157022121,0.8333333333333334,0.094883720930233,0.32,False,False
47157003500,0.875,0.043293718166384,0.55,True,True
47109930600,1.0,0.145447530864198,0.76,True,True
47157980300,0.6666666666666666,,,False,False
47157010820,1.0,0.106595365418895,0.52,True,True
47157022322,0.8571428571428571,0.116576819407008,0.63,True,True
47157006400,1.0,0.142636854279106,0.48,True,False
47113000500,0.8333333333333334,0.151098901098901,0.99,False,False
10003980100,0.8,,,False,False
10003000200,0.8333333333333334,0.109970674486804,0.6,False,False
06103000400,1.0,0.062310030395137,0.48,True,True
06025011803,0.8,0.182515757741847,0.26,False,False
06025012301,1.0,0.423359451518119,0.42,True,False
06025011801,0.8,0.090280305788132,0.13,False,False
06053011303,0.8,0.314829192546584,0.61,False,False
06053980000,1.0,,,True,True
06053010605,1.0,0.485501858736059,0.45,True,False
06053010603,0.75,0.18243838028169,0.21,False,False
06059086902,0.875,0.196944770857814,0.34,True,False
06059087200,0.8571428571428571,0.267662792842649,0.55,True,True
06059980000,0.8571428571428571,,,True,True
06059074300,0.75,0.509523809523809,0.56,False,False
06059088302,0.8888888888888888,0.154442721028141,0.41,True,False
06059088401,0.8571428571428571,0.198435462842243,0.27,True,False
06059088105,1.0,0.250070801472671,0.5,True,True
06085503504,1.0,0.36231884057971,0.31,True,False
06085504101,0.8,0.394378966455122,0.51,False,False
06093000701,0.75,0.055758017492711,0.46,False,False
06029004302,1.0,0.423905943827564,,True,True
06029000700,0.8,0.159844636988348,0.62,False,False
06029005103,0.7857142857142857,0.146221248630887,0.46,False,False
06039000202,0.75,0.182438192668372,0.57,False,False
06039000700,0.8,0.196883665654298,0.43,False,False
06045011700,0.7777777777777778,0.056220529561117,0.61,False,False
06045011400,1.0,0.052803322456244,0.42,True,True
06067007012,0.75,0.095713691219309,0.5,False,False
06067007414,0.7777777777777778,0.178547854785478,0.71,False,False
06115040303,0.75,0.14084245685656,0.33,False,False
06107000100,0.7777777777777778,0.067720685111989,0.28,False,False
06107002903,0.8,0.183060109289617,0.55,False,False
06107003501,1.0,0.166182452062754,0.62,True,True
06107001901,0.8,0.183147033533964,0.56,False,False
06107002303,0.8333333333333334,0.090737240075614,0.26,False,False
06107001703,0.8,0.101592285265755,0.31,False,False
06107002400,0.75,0.187784431137725,0.4,False,False
06073003213,0.75,0.126863490207542,0.08,False,False
06073003401,0.8888888888888888,0.180959302325581,0.45,True,False
06073003800,0.8333333333333334,0.0,,False,False
06073012401,1.0,0.243772968558595,0.64,True,True
06073010109,0.75,0.225476651008566,0.44,False,False
06099002006,1.0,0.161061946902655,0.51,True,True
06099002504,1.0,0.244015719899964,0.45,True,False
06099002603,1.0,0.21210676835081,0.6,True,True
06099000602,0.8333333333333334,0.226486486486486,0.32,False,False
06089012101,1.0,0.120579319636241,0.56,True,True
06099000303,0.75,0.317985245484609,0.52,False,False
06099003100,0.8,0.258125472411187,0.64,False,False
06019001700,1.0,0.291889379502673,0.64,True,True
06019007202,0.8,0.201550387596899,0.61,False,False
06019006603,0.8,0.268189509306261,0.88,False,False
06019007004,0.875,0.094339622641509,0.62,True,True
06019006300,0.75,0.152859545836838,0.32,False,False
06019005304,0.75,0.082437275985663,0.9,False,False
06019003810,1.0,0.152797500710026,0.64,True,True
06019003808,1.0,0.136421319796954,0.64,True,True
06019003600,1.0,0.053921568627451,0.4,True,True
06021010200,0.8333333333333334,0.208858812673024,0.61,False,False
06081600300,0.8571428571428571,0.109314359637775,0.11,True,False
06081600402,1.0,0.209721194177153,0.24,True,False
06081610500,0.8,0.379204892966361,0.63,False,False
06077002504,1.0,0.314422692768678,0.64,True,True
06077003802,1.0,0.235834990059642,0.61,True,True
06077001200,0.7777777777777778,0.041132838840189,0.27,False,False
06077001102,0.75,0.219422249539029,0.59,False,False
06077003601,0.75,0.146086956521739,0.53,False,False
06077004402,0.8,0.223508459483526,0.61,False,False
06071003605,0.8,0.269654927072216,0.45,False,False
06071001808,0.75,0.120114736464683,0.28,False,False
06071010422,0.8,0.118359739049394,0.8,False,False
06071012001,0.75,0.190720096414583,0.71,False,False
06071001707,0.8,0.374009900990099,0.57,False,False
06071006603,1.0,0.298856548856549,0.62,True,True
06071003801,0.8,0.269192088501508,0.57,False,False
06071010402,0.8333333333333334,0.031376518218623,0.81,False,False
06071010412,1.0,0.0613790354723,0.51,True,True
06071004004,0.8181818181818182,0.356384592053382,0.57,False,False
06071003603,0.8571428571428571,0.290219560878244,0.35,True,False
06071003507,1.0,0.346445326596896,0.41,True,False
06071002307,0.8333333333333334,0.269443540514155,0.35,False,False
06071980200,1.0,0.300880088008801,,True,True
06065044404,0.8,0.02915082382763,0.58,False,False
06065940100,1.0,0.097560975609756,0.27,True,False
06065031501,0.75,0.241309968399885,0.35,False,False
06065044516,0.8,0.286998972250771,0.77,False,False
06065981000,1.0,0.390221571140817,,True,True
06065049100,0.8333333333333334,0.091160220994475,0.61,False,False
06065041201,0.8333333333333334,0.328096455973694,0.61,False,False
06065043010,0.75,0.230832420591457,0.38,False,False
06065041002,0.8,0.300708591674048,0.62,False,False
06065046103,0.75,0.128717472118959,0.26,False,False
06065046101,0.75,0.221421709894332,0.61,False,False
06033000900,0.8571428571428571,0.077043716918251,0.37,True,False
06033000400,1.0,0.136207291905526,0.42,True,False
06049000300,0.8571428571428571,0.116914230953522,0.52,True,True
06001408200,0.75,0.087048192771084,0.52,False,False
06001432400,0.875,0.204674530362604,0.43,True,False
06047001501,1.0,0.198694706308919,0.58,True,True
06047002301,1.0,0.140575079872204,0.14,True,False
06047000702,0.8333333333333334,0.150520833333333,0.1,False,False
06047000802,0.8,0.256830601092896,0.59,False,False
06047000303,0.8571428571428571,0.44550408719346,0.6,True,True
06075026401,1.0,0.266617155588563,0.32,True,False
06075026003,0.8,0.212065813528336,0.12,False,False
06075025900,0.8333333333333334,0.173637864611998,0.15,False,False
06075025800,0.75,0.252557544757033,0.43,False,False
06075023200,0.8571428571428571,0.253267973856209,0.43,True,False
06031981800,1.0,0.455245781364637,,True,True
06031001602,1.0,0.418948388660044,,True,True
06031001001,0.75,0.112543225400817,0.37,False,False
06031000701,0.8,0.064434935816763,0.27,False,False
06037500404,0.8,0.219944937289691,0.4,False,False
06037910714,0.75,0.338830584707646,0.81,False,False
06037910605,1.0,0.270340236686391,0.87,True,True
06037297602,0.75,0.071017274472169,0.48,False,False
06037910002,0.8,0.417053013505342,0.81,False,False
06037117102,0.8333333333333334,0.242364532019704,0.57,False,False
06037211803,1.0,0.074210139603233,0.48,True,False
06037207101,0.8333333333333334,0.253034203751379,0.84,False,False
06037207501,1.0,0.009932043910089,0.38,True,True
06037206031,0.8461538461538461,0.037058823529412,0.42,False,False
06037320202,0.8571428571428571,0.37087427563618,0.58,True,True
06037407502,0.8,0.295526593871081,0.56,False,False
06037408630,1.0,0.283815028901734,0.46,True,False
06037408139,0.8,0.431306684581794,0.62,False,False
06037503103,0.8,0.216892911010558,0.57,False,False
06037206020,0.875,0.336188125997968,0.26,True,False
06037207710,0.75,0.077734183423247,0.41,False,False
06037208710,1.0,0.09794217244074,0.4,True,False
06037119201,1.0,0.379345603271984,0.58,True,True
06037407001,0.75,0.348242811501597,0.57,False,False
06037408302,0.875,0.268453911127433,0.38,True,False
06037603703,0.8571428571428571,0.130925507900677,0.09,True,False
06037104821,1.0,0.37569573283859,0.64,True,True
06037407702,1.0,0.302673312188491,0.54,True,True
06037480803,0.8,0.117297698589458,0.56,False,False
06037481902,0.8,0.153269471053728,0.56,False,False
06037123602,0.8333333333333334,0.170562454346238,0.61,False,False
06037131400,0.8571428571428571,0.174907427575691,0.5,True,True
06037104103,1.0,0.264078498293515,0.42,True,False
06037540101,1.0,0.317711922811854,0.44,True,False
06037124201,1.0,0.267065868263473,0.47,True,False
06037134103,0.75,0.140729927007299,0.44,False,False
06037540501,1.0,0.458856647899524,0.62,True,True
06037532400,0.8947368421052632,0.1,0.01,True,False
06037408800,1.0,0.25875486381323,0.82,True,True
06037234800,0.8333333333333334,0.208449581506576,0.35,False,False
06037234000,0.75,0.172550969666832,0.57,False,False
06037191000,0.7777777777777778,0.102784955498134,0.49,False,False
06037430724,0.8,0.099171107164002,0.41,False,False
06037237800,0.8,0.208799403430276,0.62,False,False
06037532303,0.9,0.425322679778734,0.54,True,True
06037601001,0.8571428571428571,0.24287933713102,0.43,True,False
06037301701,1.0,0.113165013525699,0.32,True,False
06037554201,0.8333333333333334,0.245018450184502,0.35,False,False
06037302002,0.8333333333333334,0.085467243099435,0.61,False,False
06037576503,0.8333333333333334,0.175189706367535,0.56,False,False
06037302102,0.7777777777777778,0.068719412724307,0.25,False,False
06037405203,0.75,0.2842851187995,0.47,False,False
06037552700,0.8571428571428571,0.218728162124389,0.43,True,False
06037119900,0.8333333333333334,0.276127612761276,0.5,False,False
06037131600,0.7777777777777778,0.296549835706462,0.48,False,False
06037106520,0.75,0.349577324714073,0.58,False,False
06037540800,0.875,0.329777777777778,0.38,True,False
06037237402,0.8333333333333334,0.294795221843003,0.6,False,False
06037222001,1.0,0.291433891992551,0.49,True,False
06037572700,0.8333333333333334,0.238858141567142,0.59,False,False
06037910705,0.75,0.261082988188372,0.54,False,False
06037553602,0.75,0.284283246977547,0.64,False,False
06037238200,0.7777777777777778,0.228309370352008,0.56,False,False
06037197500,0.75,0.208182118112834,0.27,False,False
06037199202,0.8,0.330739299610895,0.58,False,False
06037542700,0.8888888888888888,0.429206161137441,0.64,True,True
06037275200,0.75,0.223945185719437,0.56,False,False
06037530003,1.0,0.110421836228288,0.22,True,False
06037219500,0.8333333333333334,0.084050297816016,0.32,False,False
06037482701,0.75,0.147723753484051,0.44,False,False
51590000700,0.8,0.057432432432432,0.53,False,False
51590980100,0.8,,,False,False
51089010200,0.8,0.194227769110764,0.71,False,False
51143011100,0.8333333333333334,0.105166895290352,0.64,False,False
51153901601,0.75,0.217373899119295,0.5,False,False
51077060102,0.7777777777777778,0.167983510821024,0.62,False,False
51141030302,1.0,0.135660190977939,0.62,True,True
51111930300,0.8571428571428571,0.188287153652393,0.61,True,True
51053980100,0.75,,,False,False
51041100804,0.75,0.079845651528643,0.41,False,False
51550020600,0.8,0.067527308838133,0.26,False,False
51117930700,0.7,0.149043303121853,0.34,False,False
51117930300,0.75,0.108147606868834,0.63,False,False
51117930500,0.75,0.215965787598004,0.52,False,False
51650010501,0.875,0.083781886262579,0.61,True,True
51740210600,0.75,0.084128360797918,0.43,False,False
51740210900,0.8333333333333334,0.081276595744681,0.58,False,False
51740980100,1.0,0.0,,True,True
51680000500,1.0,0.012376237623762,0.69,True,True
51035080400,0.75,0.123088883130345,0.41,False,False
51009010504,0.75,0.117841774246938,0.48,False,False
51025930202,1.0,0.2288496652465,,True,True
51770001100,0.8333333333333334,0.111706881143878,0.51,False,False
51195931400,1.0,0.13649564375605,0.47,True,False
51195930800,1.0,0.204858831254104,0.72,True,True
51173030302,0.75,0.144637462235649,0.68,False,False
51670820500,1.0,0.179513888888889,0.61,True,True
51670980100,0.75,,,False,False
51185020600,0.75,0.188042430086789,0.52,False,False
51710004700,1.0,0.244943820224719,0.78,True,True
51710005702,0.75,0.083460559796438,0.56,False,False
51710003200,0.75,0.156347438752784,0.69,False,False
51730811000,0.875,0.083977158212966,0.67,True,True
26163520300,0.8,0.026606099935107,0.84,False,False
26163515400,0.8333333333333334,0.069282136894825,0.34,False,False
26163520200,0.75,0.085446009389671,0.98,False,False
26011970200,0.8571428571428571,0.133442488743348,0.61,True,True
26163577400,0.8333333333333334,0.164131305044035,0.63,False,False
26163985200,1.0,,,True,True
26163985100,0.8333333333333334,0.111801242236025,0.38,False,False
26163985000,1.0,,,True,True
26163546300,0.8888888888888888,0.147578785549577,0.63,True,True
26163573702,1.0,0.302180685358255,0.95,True,True
26163985600,1.0,,,True,True
26163543100,0.8333333333333334,0.043036461446503,0.39,False,False
26163542900,0.8571428571428571,0.061906436862469,0.34,True,True
26025000900,0.8,0.076953433307024,0.37,False,False
26163577700,0.8,0.123962040332147,0.47,False,False
26163539300,1.0,0.074033947273384,0.54,True,True
26025001300,0.75,0.173419159409315,0.6,False,False
26163532300,0.8333333333333334,0.069984447900466,0.25,False,False
26163554400,0.75,0.110583153347732,0.5,False,False
26163566800,1.0,0.110320284697509,0.62,True,True
26163531200,0.8888888888888888,0.060938452163315,0.59,True,True
26163530200,0.8571428571428571,0.150154117129018,0.77,True,True
26053950400,0.5714285714285714,0.0703125,0.45,False,False
26051000200,0.8,0.144827586206897,0.47,False,False
26099256300,0.8333333333333334,0.083548664944014,0.28,False,False
26081001400,0.7777777777777778,0.010060362173038,0.47,False,False
26081002900,1.0,0.049659201557936,0.6,True,True
26081004100,0.8571428571428571,0.163541092112521,0.58,True,True
26033970300,1.0,0.100634632819583,0.71,True,True
26033980100,1.0,,,True,True
26033980200,1.0,0.168761220825853,,True,True
26099231700,0.8333333333333334,0.200388265746333,0.68,False,False
26099262500,0.75,0.16323165704864,0.63,False,False
26085960100,0.8571428571428571,0.152113970588235,0.61,True,True
26099258100,0.8333333333333334,0.076773187840998,0.35,False,False
26075005800,1.0,0.170957095709571,,True,True
26049001500,0.8333333333333334,0.186776859504132,0.95,False,False
26049980100,1.0,,,True,True
26049002800,0.875,0.135373749264273,0.98,True,True
26049003000,1.0,0.049230769230769,0.58,True,True
26017280800,0.75,0.094646680942184,0.58,False,False
26129950400,0.8333333333333334,0.090441491641663,0.59,False,False
26077001801,0.75,0.082187185508219,0.39,False,False
26065000400,0.75,0.080471553049718,0.49,False,False
26065980200,0.75,,,False,False
26057000400,1.0,0.168644597126796,,True,True
26121000100,0.8,0.123640757148611,0.84,False,False
26135970202,1.0,0.118289353958144,0.48,True,False
26035000700,1.0,0.09509844993716,0.6,True,True
30035980000,1.0,0.0,0.46,True,True
30087000300,1.0,0.041104688503532,0.13,True,True
30053000300,1.0,0.093133922501699,0.6,True,True
30081000500,0.6,0.088794926004228,0.62,False,False
31053963900,0.75,0.145116646896006,0.58,False,False
31055003100,0.8181818181818182,0.316860465116279,0.64,False,False
31055003402,0.75,0.085714285714286,0.42,False,False
31055006301,0.8,0.129674306393245,0.6,False,False
31055005000,0.8,0.240456340500219,0.81,False,False
31119960600,0.75,0.0873350182533,0.37,False,False
31119960801,0.75,0.085680047932894,0.36,False,False
27137002200,0.5,0.046382189239332,0.34,False,False
27053106900,0.8571428571428571,0.046666666666667,0.82,True,True
27053002400,0.8333333333333334,0.056945183608302,0.49,False,False
27053105400,0.75,0.069979296066252,0.73,False,False
11001007404,1.0,0.115551694178975,0.56,True,True
11001009604,0.8333333333333334,0.15765247410817,0.51,False,False
11001009901,0.8333333333333334,0.064576509124942,0.37,False,False
11001009902,0.75,0.119904076738609,0.28,False,False
46053971200,0.5,0.090384615384615,0.62,False,False
46123971700,1.0,0.105197505197505,0.57,True,True
28021950300,0.8333333333333334,0.16805061289047,0.88,False,False
28001000900,1.0,0.095007451564829,0.66,True,True
28151000702,1.0,0.084427767354597,0.58,True,True
28127950400,0.9,0.175862781566439,0.59,True,True
28099010100,0.8333333333333334,0.087386877828054,0.59,False,False
28099010200,0.7777777777777778,0.189161554192229,0.56,False,False
28011950500,0.875,0.169599077011826,0.77,True,True
28149950600,0.8,0.121899736147757,0.63,False,False
28149950901,0.8,0.06046905905623,0.37,False,False
28149951101,0.8571428571428571,0.102788844621514,0.63,True,True
28051950500,1.0,0.255059316120028,0.92,True,True
28161950300,0.8571428571428571,0.206813385589388,0.6,True,True
28007060200,1.0,0.184315970234688,0.58,True,True
28007060400,0.875,0.207877461706783,0.7,True,True
28049003200,0.8,0.119736842105263,0.98,False,False
28049010808,0.8,0.05514950166113,0.62,False,False
28049011500,0.8,0.173387096774194,0.92,False,False
28027950400,1.0,0.156291983878191,0.63,True,True
28083950600,0.75,0.088095238095238,0.55,False,False
28083950100,0.8333333333333334,0.23400365630713,0.58,False,False
28083950300,0.75,0.237771161207997,0.95,False,False
28039950200,0.75,0.169000933706816,0.68,False,False
28059042600,1.0,0.008870490833826,0.24,True,True
28059041000,1.0,0.171063593446265,0.39,True,False
28059041700,0.8333333333333334,0.144880875724404,0.6,False,False
28067950401,1.0,0.076341647770219,0.45,True,False
28067950800,0.75,0.092358438702584,0.6,False,False
28101050300,0.8333333333333334,0.160164835164835,0.79,False,False
28073020100,0.8333333333333334,0.079449328246807,0.42,False,False
28095950700,1.0,0.152457996266335,0.71,True,True
28085950300,0.7777777777777778,0.149185123276222,0.52,False,False
28143980000,1.0,,,True,True
28141950400,0.8333333333333334,0.200883002207505,0.74,False,False
28139950400,1.0,0.172976121141526,0.63,True,True
28047000900,0.75,0.012401352874859,0.38,False,False
28075000800,1.0,0.22766323024055,0.97,True,True
28075001101,0.75,0.022359290670779,0.49,False,False
28047003304,0.8,0.050793650793651,0.5,False,False
28047002500,0.8,0.024625267665953,0.38,False,False
53053062900,0.8,0.129286115795391,0.54,False,False
53053063502,1.0,0.142771445710858,0.43,True,False
53053061500,0.75,0.049934296977661,0.5,False,False
53053061602,0.75,0.090225563909774,0.8,False,False
53077002101,1.0,0.19847972972973,0.6,True,True
53077001702,0.9,0.225157232704402,0.63,True,True
53035080300,0.75,0.063428342031313,0.61,False,False
53019970100,0.75,0.12037449843959,0.63,False,False
53003960600,0.6666666666666666,0.070266272189349,0.53,False,False
53015001200,0.75,0.066205533596838,0.43,False,False
53033027000,0.8333333333333334,0.267811158798283,0.52,False,False
53033029203,0.75,0.165652467883705,0.62,False,False
53025011200,0.75,0.101585728444004,0.31,False,False
53063002500,1.0,0.105735341236783,0.93,True,True
53047970700,0.75,0.170205360250609,0.78,False,False
04019004513,0.75,0.151404786680541,0.8,False,False
04017962500,0.75,0.054377169301967,0.52,False,False
04017964201,1.0,0.033707865168539,0.52,True,True
04019004117,0.75,0.332604622111181,0.91,False,False
04019000100,0.8333333333333334,0.058823529411765,0.78,False,False
04017960100,0.8,0.051158301158301,0.71,False,False
04012980000,0.75,,,False,False
04012020202,0.8,0.083228247162673,0.46,False,False
04012940200,1.0,0.236645299145299,0.62,True,True
04007000100,0.8,0.077877620881472,0.43,False,False
04007000400,0.75,0.071838295547664,0.45,False,False
04007000700,0.8333333333333334,0.173270254287404,0.57,False,False
04007001200,0.8333333333333334,0.131161236424394,0.56,False,False
04025000607,0.75,0.108942781356574,0.27,False,False
04027001003,1.0,0.169954476479514,0.57,True,True
04027001200,0.8333333333333334,0.118678629690049,0.63,False,False
04021002001,0.8333333333333334,0.164941988084039,0.6,False,False
04021002103,0.8571428571428571,0.117005347593583,0.6,True,True
04021002300,0.7777777777777778,0.138690148596588,0.49,False,False
04011960200,1.0,0.076397780623133,0.35,True,False
04013040516,0.75,0.045624040359728,0.3,False,False
04013110802,1.0,0.181561085972851,0.64,True,True
04013106003,0.8333333333333334,0.237096774193548,0.92,False,False
04009961201,0.75,0.046856465005931,0.56,False,False
04013104402,0.8,0.055555555555555,0.58,False,False
04015953601,0.75,0.063633471205854,0.5,False,False
04013113400,1.0,0.432142857142857,,True,True
04015950402,0.6666666666666666,0.119290703922622,0.55,False,False
04013114100,0.8571428571428571,0.162962962962963,0.55,True,True
04013421501,0.8571428571428571,0.262372013651877,0.84,True,True
04013420501,0.8571428571428571,0.16899645316086,0.74,True,True
04013116203,0.875,0.110140845070423,0.52,True,True
04013115700,0.875,0.330128205128205,0.83,True,True
04013107201,1.0,0.456014362657091,0.97,True,True
12009062400,0.8,0.175617109478048,0.89,False,False
12011010304,1.0,0.187542315504401,0.6,True,True
12011050501,0.8571428571428571,0.175105485232068,0.64,True,True
12009064400,0.75,0.088265835929387,0.56,False,False
12011020404,0.8571428571428571,0.106282919488337,0.64,True,True
12011050204,0.8333333333333334,0.049930004666355,0.34,False,False
12011080406,0.75,0.067425968109339,0.51,False,False
12011091300,0.75,0.081565471836137,0.31,False,False
12011050401,1.0,0.053282065366657,0.51,True,True
12063210700,1.0,0.087495919033627,0.45,True,False
12071040124,0.8,0.210807204803202,0.68,False,False
12093910601,0.8,0.186719263642341,0.46,False,False
12081000106,0.8,0.363817097415507,0.89,False,False
12081000310,1.0,0.164202956452257,0.81,True,True
12031001100,1.0,0.11056338028169,0.6,True,True
12069030104,0.75,0.129411764705882,0.61,False,False
12031010900,0.875,0.162314182402571,0.46,True,False
12071080300,0.75,0.154916928603502,0.52,False,False
12033001401,0.8333333333333334,0.056508577194753,0.51,False,False
12033000500,0.8,0.048582995951417,0.37,False,False
12033002804,0.8333333333333334,0.07097232079489,0.47,False,False
12086004701,0.8571428571428571,0.083581201665675,0.16,True,False
12086006205,0.8333333333333334,0.048639258830342,0.55,False,False
12086006504,0.8,0.088,0.47,False,False
12103025506,0.8333333333333334,0.071106897369045,0.39,False,False
12086018000,0.8333333333333334,0.066710268149117,0.37,False,False
12086011102,1.0,0.207129094412331,0.35,True,False
12086009905,0.75,0.202775636083269,0.46,False,False
12086016800,0.9,0.062455892731122,0.3,True,True
12057010600,0.8571428571428571,0.105841018884497,0.39,True,False
12057000500,0.75,0.081776416539051,0.58,False,False
12086006101,0.75,0.044336237826755,0.18,False,False
12086002201,0.8333333333333334,0.133462908973113,0.6,False,False
12057001700,0.75,0.081793395940624,0.54,False,False
12057002800,0.8333333333333334,0.023097311624385,0.53,False,False
12057011612,1.0,0.060730494921115,0.63,True,True
12013010100,0.8571428571428571,0.116963064295486,0.55,True,True
12086001102,0.8333333333333334,0.19,0.54,False,False
12086009807,0.8571428571428571,0.080979284369115,0.31,True,False
12086009504,0.8333333333333334,0.224552572706935,0.54,False,False
12086009014,1.0,0.068668252080856,0.56,True,True
12086000501,0.7777777777777778,0.26151698464402,0.87,False,False
12086980500,0.9166666666666666,,,True,True
12086008904,1.0,0.0,,True,True
12101031006,0.75,0.1536,0.78,False,False
12083000301,0.8,0.207688842168494,0.39,False,False
12083001301,0.75,0.094434021263289,0.66,False,False
12083001302,0.8888888888888888,0.116158473345779,0.68,True,True
12101033006,0.8,0.150280183392766,0.57,False,False
12101030303,0.8333333333333334,0.083393501805054,0.47,False,False
12083002401,0.8333333333333334,0.101744966442953,0.34,False,False
12101030409,0.8,0.088620870477189,0.59,False,False
12083002002,0.8,0.091389114541023,0.85,False,False
12123950100,0.8571428571428571,0.106727574750831,0.63,True,True
12117020102,0.8,0.089704383282365,0.41,False,False
12083000100,0.8,0.141322511339222,0.62,False,False
12101030903,0.75,0.09794776119403,0.48,False,False
12083980000,1.0,,,True,True
12055980200,1.0,0.0,0.0,True,True
12055960101,0.875,0.104642014162077,0.36,True,False
12001001907,0.8333333333333334,0.037411526794742,0.45,False,False
12131950102,1.0,0.166343355965082,0.56,True,True
12099008102,1.0,,,True,True
12041950202,0.8,0.18614931237721,0.52,False,False
12099002800,0.75,0.076310272536688,0.51,False,False
12097041700,1.0,0.167225806451613,0.83,True,True
12079110100,0.8333333333333334,0.126126126126126,0.63,False,False
12079110301,0.75,0.074626865671642,0.64,False,False
12095014701,0.8,0.198036006546645,0.81,False,False
12095013509,1.0,0.090562440419447,0.64,True,True
12099004005,0.75,0.153483309143686,0.57,False,False
12005001900,1.0,0.032277346084877,0.37,True,True
12099004300,1.0,0.031851993133702,0.33,True,True
12099005000,0.8333333333333334,0.244517543859649,0.64,False,False
12099004012,0.8571428571428571,0.096182747219717,0.41,True,False
12105013500,1.0,0.124767916821389,0.55,True,True
12105014701,0.75,0.10281517747858,0.59,False,False
12099005602,0.8,0.107365792759051,0.45,False,False
12105015600,1.0,0.134068731438269,0.57,True,True
12105015302,0.8333333333333334,0.085836909871245,0.56,False,False
12105014202,0.8,0.153923541247485,0.45,False,False
12105015701,0.75,0.212239583333333,0.61,False,False
12105015404,0.8,0.139148494288681,0.55,False,False
12099006202,0.75,0.057471264367816,0.57,False,False
12099980500,0.8,,,False,False
12105014302,0.8333333333333334,0.156858502812635,0.61,False,False
12105012803,0.8,0.06015037593985,0.44,False,False
12127081900,0.75,0.18030303030303,0.93,False,False
12133970102,1.0,0.058964143426295,0.45,True,True
12127082202,1.0,0.055788842231554,0.32,True,True
12127090400,1.0,0.073963515754561,0.55,True,True
12107950400,1.0,0.124627606752731,0.61,True,True
12107950600,0.8333333333333334,0.126805054151624,0.75,False,False
12127082405,0.8,0.088271990018715,0.46,False,False
12127090204,0.8571428571428571,0.054075358663093,0.48,True,True
45079011303,0.8,0.025259067357513,0.52,False,False
45079000100,1.0,0.273561301084237,0.92,True,True
45015020301,0.75,0.207627118644068,0.58,False,False
45087030500,0.8333333333333334,0.110751295336788,0.64,False,False
45075011600,0.8,0.113102751830346,0.6,False,False
45075011200,0.8333333333333334,0.100671140939597,0.89,False,False
45075011700,0.8571428571428571,0.159237536656891,0.61,True,True
45089970802,1.0,0.242549668874172,,True,True
45027960701,1.0,0.160014781966001,0.57,True,True
45027960201,0.75,0.213455149501661,0.43,False,False
45061920301,1.0,,,True,True
45019003600,0.8,0.070911722141823,0.32,False,False
45019003111,0.8,0.115455100794136,0.63,False,False
45063020904,0.8571428571428571,0.195424213536702,0.48,True,False
45065920100,0.8571428571428571,0.058224985867722,0.21,True,True
45059920900,0.8,0.26813880126183,0.4,False,False
45059920800,0.8,0.096774193548387,0.59,False,False
45009960100,1.0,0.208879919273461,0.86,True,True
45043920302,0.8,0.089772219740956,0.29,False,False
45017950400,0.8888888888888888,0.135499207606973,0.6,True,True
45045002103,0.8571428571428571,0.111609143881667,0.21,True,False
45071950201,0.75,0.350649350649351,0.79,False,False
45023020601,0.8571428571428571,0.121103117505995,0.24,True,False
45025950800,0.8,0.255991840897501,0.86,False,False
45025950400,0.8571428571428571,0.194050991501416,0.58,True,True
45091060402,0.75,0.08726567550097,0.56,False,False
45051080102,1.0,0.142781597038604,0.59,True,True
45051070701,0.75,0.176874642243846,0.43,False,False
45051010100,1.0,0.188960716061661,0.61,True,True
45041002202,1.0,0.23483606557377,0.64,True,True
45041000500,0.75,0.116446578631452,0.88,False,False
32031990100,1.0,,,True,True
32021970700,1.0,0.104484732824427,0.57,True,True
32003002303,1.0,0.0,0.08,True,True
32003004912,1.0,0.295543175487465,0.75,True,True
32003006203,0.75,0.240159441953164,0.54,False,False
32003003001,0.75,0.162563501367722,0.57,False,False
32003006204,0.75,0.243719412724307,0.66,False,False
32003001003,0.8888888888888888,0.189356839699641,0.48,True,False
32003003103,1.0,0.155955441302485,0.64,True,True
32003005007,0.8,0.117908787541713,0.39,False,False
32003000204,0.75,0.077481840193705,0.17,False,False
32003001706,0.75,0.072014260249554,0.25,False,False
32003002603,0.9,0.15748031496063,0.93,True,True
32003001714,0.8333333333333334,0.215954164830322,0.23,False,False
32003004716,1.0,0.298952879581152,0.74,True,True
32003003426,0.8333333333333334,0.155064810369659,0.52,False,False
32023960404,0.8,0.130775646371977,0.62,False,False
24510150400,1.0,0.195828011919966,0.91,True,True
24510260900,0.8,0.059549745824256,0.15,False,False
24510250206,0.8,0.196303377947737,0.48,False,False
24510150900,0.75,0.135993135993136,0.41,False,False
24510100300,0.75,0.362694300518135,,False,False
24005420900,0.75,0.116318704729442,0.53,False,False
24033801600,1.0,0.138572285542891,0.55,True,True
24005420500,0.8571428571428571,0.190779610194902,0.6,True,True
24005421102,0.8,0.129067245119306,0.44,False,False
24033803803,0.75,0.26856504745952,0.52,False,False
08071000200,0.8,0.114114114114114,0.71,False,False
08001008100,0.75,0.112076455256299,0.78,False,False
08089968000,0.75,0.082403433476395,0.8,False,False
08089968500,0.875,0.093023255813953,0.53,True,True
08065961700,1.0,0.126428571428571,0.49,True,False
08099000100,0.75,0.047797563261481,0.4,False,False
08099000300,1.0,0.151655393378426,0.51,True,True
08123000704,0.75,0.111455108359133,0.11,False,False
08031000905,0.8571428571428571,0.334109816971714,0.63,True,True
08031008387,0.8,0.381561238223419,0.7,False,False
08005080200,0.75,0.115955056179775,0.26,False,False
08041006301,0.8,0.110781990521327,0.6,False,False
08041004402,0.8,0.004381161007667,0.0,False,False
08041005300,1.0,0.151146629603891,0.78,True,True
08041002102,0.875,0.108297234255248,0.67,True,True
08005007702,0.75,0.182959300114112,0.46,False,False
08005007703,0.8571428571428571,0.143894846074023,0.54,True,True
49035102802,0.8,0.279894875164257,0.62,False,False
49023010100,1.0,0.082070346010866,0.45,True,False
49057201301,0.8333333333333334,0.182795698924731,0.6,False,False
48113011101,1.0,0.087454764776839,0.52,True,True
48113012206,0.8,0.223852721451441,0.51,False,False
48113011701,0.8333333333333334,0.398587285570131,0.89,False,False
48113011602,0.8333333333333334,0.438477580813347,0.82,False,False
48113019041,0.75,0.054777594728171,0.08,False,False
48113009101,1.0,0.35554876184653,0.79,True,True
48113000404,0.75,0.131106988249845,0.22,False,False
48113014310,0.8,0.145296391752577,0.65,False,False
48113004300,0.75,0.196740858505564,0.48,False,False
48113014501,1.0,0.258032624814632,0.49,True,False
48153950500,0.8,0.240682248894504,0.49,False,False
48113004600,0.8571428571428571,0.122259136212625,0.41,True,False
48113006002,1.0,0.138768718801997,0.92,True,True
48113015100,0.8333333333333334,0.313285679073207,0.48,False,False
48113012603,0.8,0.223654283548143,0.62,False,False
48113006301,1.0,0.353523587652883,0.63,True,True
48113015306,0.75,0.234684547394087,0.55,False,False
48113015401,0.75,0.127426160337553,0.21,False,False
48113018600,1.0,0.215152783591461,0.63,True,True
48113009803,0.8333333333333334,0.410555174777245,0.8,False,False
48165950300,1.0,0.255459089713233,0.46,True,False
48381020600,0.8,0.188405797101449,0.65,False,False
48201533100,1.0,0.17444074250357,0.62,True,True
48269950100,0.75,0.20253164556962,0.63,False,False
48201533500,1.0,0.363279857397504,0.45,True,False
48465980000,1.0,,,True,True
48465950500,0.8333333333333334,0.413456850316919,0.74,False,False
48049950700,0.75,0.33974358974359,0.96,False,False
48201534100,0.75,0.264659270998415,0.6,False,False
48441010600,0.8333333333333334,0.0757159670459,0.44,False,False
48201520700,0.75,0.130160951714486,0.3,False,False
48201532400,0.8888888888888888,0.23527865404837,0.51,True,True
48201342400,0.75,0.123244929797192,0.59,False,False
48201321600,0.875,0.278712871287129,0.61,True,True
48201321700,0.8,0.281851512373969,0.48,False,False
48201532002,0.8,0.097186700767263,0.17,False,False
48201253400,0.75,0.277083333333333,0.6,False,False
48201451902,0.75,0.098691384950927,0.16,False,False
48201423301,1.0,0.141587677725118,0.44,True,False
48201423201,0.8,0.133940182054616,0.25,False,False
48201422302,0.75,0.097875569044006,0.44,False,False
48201422702,1.0,0.270742358078603,0.54,True,True
48201423600,0.8571428571428571,0.174096385542169,0.61,True,True
48201232600,1.0,0.303752535496957,0.58,True,True
48201323200,0.8571428571428571,0.389486260454002,0.5,True,True
48419950600,0.8571428571428571,0.131219726992514,0.56,True,True
48201254300,1.0,0.256505576208178,0.6,True,True
48201333902,0.8333333333333334,0.194009056078022,0.63,False,False
48201330600,0.8,0.273210112598258,0.55,False,False
48201331500,0.75,0.112334474036602,0.62,False,False
48201210100,0.8,0.319227539882452,0.0,False,False
48201210600,0.8,0.138858988159311,0.59,False,False
48201321402,1.0,0.398108001576665,0.45,True,False
48339694000,0.8,0.281863979848867,0.63,False,False
48355006100,1.0,0.189436927106067,0.62,True,True
48485010900,0.75,0.056384742951907,0.49,False,False
48361022400,0.8,0.052631578947368,0.32,False,False
48179950300,0.75,0.098072370645925,0.18,False,False
48241950100,0.8181818181818182,0.145759956651314,0.57,False,False
48455950400,0.8,0.117628992628993,0.62,False,False
48453002104,0.8,0.115724381625442,0.56,False,False
48273020300,1.0,0.215494791666667,0.87,True,True
48453002412,0.75,0.42712917421693,0.75,False,False
48029152202,0.75,0.257761321560809,0.69,False,False
48029161400,0.8,0.019159911569639,0.25,False,False
48029192100,0.8888888888888888,0.110236220472441,0.26,True,False
48029141403,0.8,0.194414218353282,0.65,False,False
48029180701,0.8333333333333334,0.103776578863853,0.59,False,False
48029191005,1.0,0.235404896421846,0.55,True,True
48291700500,0.8,0.244099021301094,0.5,False,False
48029980100,0.875,0.03169014084507,0.74,True,True
48029151200,1.0,0.218014329580348,0.62,True,True
48029180603,0.75,0.072222222222222,0.55,False,False
48029180102,0.8333333333333334,0.068988173455979,0.27,False,False
48029110100,0.75,0.200570003562522,0.54,False,False
48029171401,1.0,0.258075720736367,0.79,True,True
48029171302,1.0,0.257109466303078,0.87,True,True
48029180101,0.8,0.124835396365552,0.64,False,False
48029980002,1.0,,,True,True
48029162003,1.0,0.294335805799056,0.73,True,True
48029151900,0.8571428571428571,0.284461152882206,0.63,True,True
48029161302,0.8571428571428571,0.378957467220979,0.87,True,True
48481740400,0.8,0.239328537170264,0.52,False,False
48481740100,0.75,0.112857142857143,0.58,False,False
48439110500,0.75,0.229122055674518,0.6,False,False
48439100102,1.0,0.188952509262378,0.64,True,True
48439101401,0.75,0.205708131394723,0.66,False,False
48075950100,0.8333333333333334,0.119466343238326,0.15,False,False
48215020721,0.8571428571428571,0.224670470194767,0.59,True,True
48215020402,1.0,0.098920545036277,0.51,True,True
48215024000,0.8333333333333334,0.187271897810219,0.87,False,False
48341950300,1.0,0.248271246932857,0.38,True,False
48473680400,1.0,0.166666666666667,,True,True
48225950500,0.8571428571428571,0.117647058823529,0.61,True,True
48215023801,0.875,0.37889769088151,0.81,True,True
48215020903,1.0,0.113996719518863,0.6,True,True
48215980000,1.0,,,True,True
48409010301,0.75,0.178861788617886,0.55,False,False
48215020302,0.875,0.176420406074049,0.45,True,False
48167722600,1.0,0.182030338389732,0.63,True,True
48167721000,0.8,0.176615384615385,0.64,False,False
48167725300,0.8,0.106017191977077,0.51,False,False
48167725500,0.8,0.084235860409146,0.22,False,False
48311950100,0.75,0.07258064516129,0.3,False,False
48223950402,0.75,0.101671309192201,0.62,False,False
48313000400,1.0,0.286481046628648,0.57,True,True
48141003404,0.75,0.072758451739343,0.52,False,False
48141010103,0.75,0.009098428453267,0.23,False,False
48141010218,0.8333333333333334,0.021978021978022,0.37,False,False
48141000101,0.75,0.186399108138239,0.81,False,False
48141004309,0.75,0.07730364873222,0.61,False,False
48303980000,1.0,,,True,True
48183001500,1.0,0.2393686979395,0.74,True,True
48183010600,0.75,0.112364521123645,0.39,False,False
48061014400,0.9,0.252745352356247,0.61,True,True
48061980100,1.0,,,True,True
48061012101,1.0,0.245477230193387,0.59,True,True
48061012001,1.0,0.134455893440563,0.59,True,True
48061980001,1.0,,,True,True
48061010602,1.0,0.181547619047619,0.44,True,False
48061011302,1.0,0.088715400993612,0.58,True,True
48213950903,0.75,0.126908899420748,0.5,False,False
48375980000,1.0,,,True,True
48061012506,0.8333333333333334,0.182537067545305,0.58,False,False
48061012613,1.0,0.143519860829226,0.23,True,False
48249950700,1.0,0.253412969283276,0.64,True,True
48375011800,0.8,0.098189134808853,0.62,False,False
48249950300,1.0,0.139864864864865,0.76,True,True
48027023201,1.0,0.059282371294852,0.37,True,True
48001950800,1.0,0.069872958257713,0.66,True,True
48001951000,0.8333333333333334,0.108085462924173,0.56,False,False
48027020600,1.0,0.139735480161012,0.56,True,True
48007950200,0.75,0.004439511653718,0.17,False,False
48013960402,0.75,0.103830819899463,0.38,False,False
48025950300,1.0,0.162236480293309,0.89,True,True
48245002600,0.8,0.1,0.85,False,False
48073950600,0.75,0.177801724137931,0.66,False,False
48459950400,1.0,0.143149982917663,0.56,True,True
48245001100,0.8333333333333334,0.116946399566865,0.61,False,False
48373210206,0.8,0.064516129032258,0.42,False,False
48373210101,0.75,0.178773701058852,0.47,False,False
09001070600,0.8181818181818182,0.299668874172185,0.85,False,False
09001022000,1.0,0.181404749873673,0.42,True,False
09003502100,0.9166666666666666,0.018380526577248,0.29,True,True
09003502700,1.0,0.392166836215666,0.93,True,True
09003504200,0.8,0.249925261584454,0.91,False,False
09009140700,0.8571428571428571,0.15757328990228,0.9,True,True
09009142200,0.8333333333333334,0.076134699853587,0.4,False,False
09009350900,1.0,0.162985529322163,0.59,True,True
09009352500,0.8,0.149954832881662,0.63,False,False
25003900300,0.8,0.053673788431475,0.59,False,False
25005640800,0.9090909090909091,0.283411949685535,0.59,True,True
25009205900,0.75,0.207161125319693,0.46,False,False
25025092300,0.8571428571428571,0.194780987884436,0.59,True,True
25025092200,0.75,0.136021267168808,0.3,False,False
25025091100,1.0,0.129399311987298,0.3,True,False
25025110301,0.75,0.123308270676692,0.26,False,False
25025071101,1.0,0.109850746268657,0.55,True,True
25025160300,1.0,0.165023352361183,0.54,True,True
25013801700,0.75,0.207678355501814,0.83,False,False
25013810902,0.7777777777777778,0.153759820426487,0.52,False,False
25017342202,0.8333333333333334,0.169312169312169,0.4,False,False
25027757400,0.75,0.116008105369808,0.4,False,False
25027732902,1.0,0.0,0.82,True,True
72113073010,0.8571428571428571,0.085414987912973,0.86,True,True
72113070503,1.0,0.062736987245777,0.8,True,True
72113073008,1.0,0.426096997690531,,True,True
72113072500,1.0,0.095331695331695,0.96,True,True
72113071700,0.8571428571428571,0.157439446366782,0.96,True,True
72033980006,1.0,,,True,True
72033980004,0.75,,,False,False
72113071401,0.8,0.08876404494382,0.98,False,False
72033980002,0.7777777777777778,,,False,False
72033980007,1.0,,,True,True
72005990000,0.8181818181818182,,,False,False
72037160100,0.8333333333333334,0.0,,False,False
72031051104,1.0,0.064663370102701,0.55,True,True
72031050331,1.0,0.084530853761623,0.91,True,True
72133953800,0.75,0.094062708472315,0.95,False,False
72137121400,0.8333333333333334,0.081663707836672,0.78,False,False
72029100503,1.0,0.046420141620771,0.68,True,True
72139060404,1.0,0.065340909090909,0.44,True,True
72139060213,1.0,0.074311926605504,0.49,True,False
72087990000,0.75,,,False,False
72125840500,1.0,0.170153967627319,0.96,True,True
72061040412,1.0,0.036286919831224,0.24,True,True
72061040602,1.0,0.059594755661502,0.46,True,True
72127008601,0.75,0.049065420560748,0.59,False,False
72025200700,1.0,0.071040372670807,0.87,True,True
72021030901,1.0,0.054845980465815,0.82,True,True
72021031023,1.0,0.091496767777225,0.8,True,True
72021031011,0.8571428571428571,0.062746386333771,0.56,True,True
72127980108,1.0,,,True,True
72127980102,0.8,,,False,False
72127005800,0.8,0.147705845380264,0.9,False,False
72127980107,0.75,,,False,False
72127001900,0.8,0.063220675944334,0.6,False,False
72127006300,0.75,0.089422585590189,0.84,False,False
72127002400,0.8,0.211890243902439,0.92,False,False
44007018200,1.0,0.175740210124164,0.51,True,True
44007017300,0.5,0.130887869945811,0.57,False,False
13001950500,0.8,0.159026369168357,0.68,False,False
13249960200,1.0,0.079948420373952,0.52,True,True
13299950100,0.8,0.234601449275362,0.76,False,False
13107970400,1.0,0.225050234427327,0.85,True,True
13067030412,0.75,0.12352,0.87,False,False
13105000500,0.875,0.183588678265386,0.63,True,True
13225040400,1.0,0.165755153554901,0.87,True,True
13033950100,0.5555555555555556,0.184177997527812,0.44,False,False
13049010200,0.375,0.218135158254919,0.62,False,False
13245010709,0.8571428571428571,0.085452695829095,0.54,True,True
13245010906,0.8,0.111296871268211,0.52,False,False
13245010712,0.8333333333333334,0.045739046701974,0.45,False,False
13167960300,0.8571428571428571,0.166666666666667,0.72,True,True
13245000900,0.875,0.368721461187215,0.94,True,True
13317010301,1.0,0.140572951365756,0.62,True,True
13125010100,0.8571428571428571,0.217540421362077,0.56,True,True
13135050524,1.0,0.231018172765745,0.75,True,True
13261950200,0.75,0.188931297709924,0.69,False,False
13135050423,0.8888888888888888,0.244938865504109,0.72,True,True
13121007706,0.75,0.153243996284994,0.74,False,False
13121011100,0.8333333333333334,0.090060406370126,0.51,False,False
13287970300,0.75,0.179012345679012,0.74,False,False
13003960200,0.8,0.330076762037683,0.83,False,False
13251970600,1.0,0.146003262642741,0.57,True,True
13275961000,0.625,0.135333100802232,0.47,False,False
13275960500,0.75,0.115739790683357,0.42,False,False
13175950201,0.75,0.056245686680469,0.63,False,False
13121004300,0.75,0.110593713620489,0.89,False,False
13185011100,0.8333333333333334,0.079731027857829,0.83,False,False
13121007900,1.0,0.102194949256549,0.35,True,False
13121010604,0.8,0.065712771595124,0.64,False,False
13121006801,0.8,0.231838565022422,,False,False
13307960200,0.8,0.229613733905579,0.64,False,False
13307960100,0.8,0.185381355932203,0.53,False,False
13087970200,0.75,0.161417322834646,0.63,False,False
13087970600,1.0,0.091634562465603,0.53,True,True
13021010500,1.0,0.236673773987207,0.97,True,True
13293010300,0.7777777777777778,0.155354449472097,0.57,False,False
13197920100,0.8,0.2323626538577,0.64,False,False
13095000700,1.0,0.038237738985869,0.54,True,True
13095010500,0.75,0.149802890932983,0.51,False,False
13095011000,1.0,0.159102764736568,0.63,True,True
13095010700,1.0,0.167638483965014,0.97,True,True
13215011100,1.0,0.240645634629494,0.9,True,True
13215010801,0.8571428571428571,0.01763907734057,0.31,True,True
13321950200,0.75,0.149280177187154,0.61,False,False
13215010702,1.0,0.115438108484005,0.53,True,True
13215010606,1.0,0.357438016528926,0.53,True,True
13215010104,0.75,0.044962686567164,0.46,False,False
13215001200,0.875,0.059210526315789,0.53,True,True
13089023423,0.8181818181818182,0.029195630585899,0.2,False,False
13089023204,0.875,0.139549180327869,0.59,True,True
13089022004,0.8571428571428571,0.215906127770535,0.72,True,True
13115001800,0.75,0.149890590809628,0.78,False,False
13115001200,0.8,0.246588384639797,0.77,False,False
13053020201,0.75,0.0,0.28,False,False
13053020206,0.8571428571428571,0.0,,True,True
13017960200,0.875,0.127111111111111,0.53,True,True
13131950600,0.6,0.180307692307692,0.62,False,False
05085020500,0.75,0.174197773411919,0.5,False,False
05131001301,0.75,0.116630669546436,0.54,False,False
05131000502,0.75,0.379439252336449,0.83,False,False
05111490600,1.0,0.171608265947888,0.63,True,True
05111490200,0.8888888888888888,0.280457890433361,0.6,True,True
05027950400,1.0,0.103551178752611,0.77,True,True
05005950200,0.8,0.101040118870728,0.32,False,False
05005950500,0.875,0.132251855925213,0.6,True,True
05105952900,0.8571428571428571,0.124542124542125,0.62,True,True
05021950100,1.0,0.253623188405797,0.54,True,True
05023480300,1.0,0.102103642893792,0.36,True,False
05109953300,0.75,0.142198308993082,0.72,False,False
05079960500,1.0,0.140323824209715,0.4,True,False
05001480100,0.7777777777777778,0.149712092130518,0.6,False,False
05035030202,1.0,0.100381194409149,0.39,True,False
05139950800,1.0,0.140699179974104,0.5,True,True
05139950500,0.8571428571428571,0.068263473053892,0.48,True,True
05051011601,0.8,0.083289264939186,0.47,False,False
05115951501,0.8,0.04616619831393,0.14,False,False
05119004500,0.8,0.121746431570109,0.92,False,False
05089960300,0.8571428571428571,0.145097173144876,0.64,True,True
05075470400,0.75,0.227022058823529,0.57,False,False
05031000602,0.8,0.156723963599596,0.98,False,False
05119002500,0.8333333333333334,0.112582781456954,0.36,False,False
05119003900,0.8888888888888888,0.14957264957265,0.44,True,False
05065960200,0.75,0.183648566198902,0.62,False,False
05043490100,0.8333333333333334,0.202261306532663,0.41,False,False
05037950400,0.8571428571428571,0.126091703056769,0.44,True,False
05057480100,0.8888888888888888,0.169403630077787,0.57,True,True
05093011100,1.0,0.18169014084507,0.62,True,True
05093011300,0.75,0.25,0.7,False,False
05093010700,0.5454545454545454,0.124528301886792,0.56,False,False
05007020203,0.75,0.137048192771084,0.43,False,False
05113950100,1.0,0.13572923935799,0.6,True,True
05009790300,0.875,0.148907472349609,0.57,True,True
05011950100,0.8,0.12585933368588,0.52,False,False
05071951900,1.0,0.203605514316013,0.53,True,True
05069000502,0.8888888888888888,0.199203187250996,0.84,True,True
05063490500,0.8333333333333334,0.076275644397685,0.34,False,False
05063490200,0.75,0.13599537037037,0.52,False,False
05003960500,0.75,0.155602761550717,0.53,False,False
05097953000,0.8333333333333334,0.186677980483666,0.59,False,False
05133080100,1.0,0.119433198380567,0.42,True,False
29510105500,1.0,0.112377006732263,0.56,True,True
29510124300,0.8,0.058954393770856,0.56,False,False
29510125500,0.75,0.014038231780167,0.43,False,False
29510101400,0.8333333333333334,0.050739957716702,0.58,False,False
29095005100,0.8571428571428571,0.012755102040816,0.26,True,True
29095980101,1.0,,,True,True
29095011800,0.8,0.192476489028213,0.6,False,False
29095980802,0.8,,,False,False
29187950901,0.75,0.056972327726533,0.36,False,False
29155470500,0.7272727272727273,0.200090744101633,0.63,False,False
29035960200,1.0,0.112391930835735,0.49,True,False
29047022100,0.6,0.086755646817248,0.64,False,False
29127960600,0.75,0.098985801217038,0.51,False,False
29069360900,0.8181818181818182,0.195121951219512,0.57,False,False
29069360200,0.8,0.188405797101449,0.6,False,False
29091090500,0.8,0.077846253649043,0.74,False,False
29091090600,0.875,0.111349610947142,0.65,True,True
29189213700,1.0,0.084429824561403,0.67,True,True
29189213400,0.75,0.13953488372093,0.55,False,False
29195090500,0.75,0.160909488412768,0.46,False,False
29009960600,0.8,0.076618229854689,0.51,False,False
29065960100,0.875,0.120418848167539,0.56,True,True
29213480106,0.75,0.12510425354462,0.62,False,False
29213480301,0.8,0.07911036036036,0.55,False,False
29143960500,1.0,0.221804511278195,0.64,True,True
29159481100,0.8,0.086878798712907,0.61,False,False
29159480400,0.75,0.118290598290598,0.59,False,False
29023950201,0.8333333333333334,0.148563611491108,0.47,False,False
29145020200,1.0,0.09792663476874,0.64,True,True
29201780400,0.8181818181818182,0.161736941472624,0.43,False,False
29209090500,0.75,0.107273466070703,0.39,False,False
34017011000,0.8333333333333334,0.086717136958018,0.56,False,False
34017004101,0.8333333333333334,0.155764705882353,0.52,False,False
34017004300,0.8333333333333334,0.135735735735736,0.54,False,False
34017005802,0.625,0.020308692120227,0.06,False,False
34031133701,0.75,0.10048869883934,0.37,False,False
34017013000,1.0,0.171174978867286,0.55,True,True
34017014900,1.0,0.217332734620566,0.43,True,False
34027045603,0.75,0.053918680023571,0.18,False,False
34021002400,1.0,0.321120689655172,,True,True
34013010200,0.875,0.148690773067332,0.62,True,True
34013022900,0.8,0.166799363057325,0.82,False,False
34013980100,0.8,0.243892671205446,,False,False
34013018200,0.8571428571428571,0.230395558639833,0.42,True,False
34013980200,0.75,0.249374478732277,,False,False
34013010900,1.0,0.202966958867161,0.64,True,True
34013011500,0.8333333333333334,0.138036809815951,0.6,False,False
34013012800,1.0,0.116411378555799,0.61,True,True
34013013000,1.0,0.057875457875458,0.33,True,True
34013002300,1.0,0.117401003904071,0.54,True,True
34007610300,0.7142857142857143,0.221753794266442,0.8,False,False
34007610500,0.6363636363636364,0.213317479191439,0.64,False,False
34039034200,0.75,0.084909456740443,0.51,False,False
22071001747,1.0,0.073261205564142,0.25,True,False
22071000612,0.75,0.087889273356401,0.01,False,False
22071006400,0.8,0.112105263157895,0.49,False,False
22071001600,1.0,,,True,True
22071001702,0.8333333333333334,0.11867266591676,0.78,False,False
22071008400,0.75,0.078239608801956,0.62,False,False
22071013600,0.75,0.040034812880766,0.43,False,False
22071000601,0.8333333333333334,0.319314641744548,0.99,False,False
22071003302,0.8333333333333334,0.092165898617511,0.5,False,False
22071002503,0.8333333333333334,0.083853083853084,0.41,False,False
22071980100,0.8888888888888888,,,True,True
22067950200,0.8333333333333334,0.100393700787401,0.4,False,False
22065960100,0.9166666666666666,0.14983164983165,0.56,True,True
22069000300,0.7777777777777778,0.12189226519337,0.65,False,False
22033004205,0.75,0.054441969809453,0.18,False,False
22033003000,0.8,0.199280575539568,0.88,False,False
22033003506,0.75,0.088215638226776,0.41,False,False
22087030400,0.7777777777777778,0.231313926042486,0.64,False,False
22087030208,0.75,0.168111753371869,0.39,False,False
22119032100,0.875,0.104609555882972,0.85,True,True
22119031600,0.8888888888888888,0.097072419106317,0.36,True,False
22045031300,1.0,0.176881134133042,0.6,True,True
22009030500,0.8,0.139285714285714,0.76,False,False
22093040300,0.75,0.047509578544061,0.18,False,False
22101041000,0.8,0.163169164882227,0.49,False,False
22019000500,0.7777777777777778,0.034168564920273,0.28,False,False
22007050300,0.8,0.278587874136608,0.64,False,False
22125951701,0.8,0.091749174917492,0.46,False,False
22029000100,0.875,0.276221498371336,0.59,True,True
22041950100,1.0,0.250668704623615,0.8,True,True
22017024700,1.0,0.082893745290128,0.61,True,True
22055001003,0.8333333333333334,0.071248650593739,0.51,False,False
22031950700,0.7,0.184351554126474,0.42,False,False
22097961500,0.75,0.197827329902802,0.58,False,False
22097960500,0.8571428571428571,0.198216340621404,0.59,True,True
22097960800,0.75,0.188360728565082,0.46,False,False
22051025600,0.8571428571428571,0.124494745351657,0.43,True,False
22099020900,0.75,0.136163982430454,0.54,False,False
22099020502,1.0,0.18640350877193,0.64,True,True
22039950700,1.0,0.187935034802784,0.6,True,True
22073980000,1.0,,,True,True
22073010502,0.875,0.118922700244841,0.38,True,False
22091951100,0.8333333333333334,0.164719185827365,0.54,False,False
22047952900,0.8571428571428571,0.21196222455404,0.61,True,True
22051020515,0.75,0.151446654611212,0.37,False,False
22083970400,1.0,0.258527131782946,0.5,True,True
18039001601,0.8333333333333334,0.164403778040142,0.55,False,False
18019050100,0.8,0.079497907949791,0.5,False,False
18095001100,0.8333333333333334,0.094560669456067,0.9,False,False
18095002000,0.8,0.061460592913955,0.58,False,False
18091040700,0.75,0.097560975609756,0.63,False,False
18091040400,0.8,0.106954436450839,0.65,False,False
18053000500,0.75,0.091261061946903,0.35,False,False
18043070302,0.8,0.170713485244677,0.55,False,False
18163980100,0.6,0.0,0.0,False,False
18089022000,1.0,0.144199611147116,0.64,True,True
18089021300,0.8,0.097133076593924,0.64,False,False
18003001100,0.8333333333333334,0.042113955408753,0.59,False,False
18167001000,0.8,0.11441893830703,0.57,False,False
18097322700,0.8333333333333334,0.079478827361564,0.38,False,False
18097340201,1.0,0.204813359528487,0.79,True,True
18097360601,0.8333333333333334,0.139268769187831,0.6,False,False
55059001600,0.75,0.201608848667672,0.81,False,False
55079005000,0.8571428571428571,0.108116026955757,0.62,True,True
55079020300,0.75,0.205089820359281,0.64,False,False
02270000100,1.0,,,True,True
02070000200,1.0,0.111191335740072,0.46,True,False
02185000300,1.0,0.019280682239525,0.07,True,True
02188000200,1.0,0.106901920083031,0.56,True,True
02198000200,1.0,0.083532219570406,0.55,True,True
02180000200,1.0,0.084152575697994,0.28,True,False
02170000102,0.75,0.057249533291848,0.34,False,False
02060000100,1.0,0.059842519685039,0.31,True,True
02050000200,1.0,0.100797872340426,0.53,True,True
42003270400,0.8,0.098522167487685,0.6,False,False
42003260700,0.75,0.07285342584562,0.24,False,False
42003220600,0.8333333333333334,0.085521885521885,0.56,False,False
42045401700,1.0,0.078933333333333,0.44,True,False
42073010700,0.75,0.111578947368421,0.62,False,False
42065951100,0.8,0.060409924487594,0.44,False,False
42049000200,0.75,0.041918069228326,0.3,False,False
42049000900,1.0,0.116414059980651,0.86,True,True
42049002200,0.8,0.066532258064516,0.39,False,False
42129800800,0.75,0.030896759608139,0.3,False,False
42069100300,0.8333333333333334,0.163066954643628,0.98,False,False
42069103100,0.75,0.066458170445661,0.37,False,False
42069101700,0.8,0.046989720998531,0.24,False,False
42069100900,0.8333333333333334,0.100925147182506,0.63,False,False
42007604200,0.75,0.073843416370107,0.47,False,False
42079217100,0.75,0.188741721854305,0.54,False,False
42097081400,1.0,0.195959595959596,0.62,True,True
42101033101,1.0,0.092267135325132,0.51,True,True
42101004002,0.8333333333333334,0.191752035723667,0.45,False,False
42101002000,0.8,0.102699144173798,0.64,False,False
42101005500,0.875,0.125542064180399,0.55,True,True
42101016100,0.75,0.191439522998296,0.56,False,False
42101024800,1.0,0.125650557620818,0.63,True,True
42101030200,1.0,0.148087728838137,0.58,True,True
42101027902,1.0,0.105053191489362,0.86,True,True
42101980500,1.0,,,True,True
42101026900,0.75,0.089340727048675,0.32,False,False
15009991200,1.0,,,True,True
54005958501,1.0,0.195702671312427,0.63,True,True
54075960300,1.0,0.22885032537961,0.59,True,True
54033030400,0.75,0.12719298245614,0.55,False,False
54067950700,0.8333333333333334,0.113141862489121,0.52,False,False
54053955000,0.75,0.127955493741307,0.62,False,False
54053954802,1.0,0.099184782608696,0.46,True,False
54055001100,0.8333333333333334,0.118094770439479,0.42,False,False
54081000900,0.75,0.164575866188769,0.63,False,False
54081001001,0.8,0.052788305360043,0.52,False,False
54081000500,0.8,0.174290677475391,0.48,False,False
54027968200,0.42857142857142855,0.09885118888592,0.44,False,False
54011000400,0.8571428571428571,0.125,0.97,True,True
54039000600,0.8333333333333334,0.122478914558122,0.59,False,False
54107000400,0.8,0.054353854686633,0.31,False,False
54107010702,0.75,0.096330275229358,0.6,False,False
54051020900,0.42857142857142855,0.054669030732861,0.66,False,False
54083965900,0.7777777777777778,0.182616881079385,0.61,False,False
54019020700,0.8571428571428571,0.205020920502092,0.61,True,True
54077964500,0.8,0.131467793030623,0.47,False,False
54103030800,0.75,0.132470119521912,0.53,False,False
54087962800,0.75,0.232947976878613,0.63,False,False
54097966900,0.8,0.056627516778523,0.62,False,False
39145004000,0.8,0.136936936936937,0.63,False,False
39145002500,0.7777777777777778,0.135202804206309,0.44,False,False
39145003600,1.0,0.191542288557214,0.97,True,True
39061009300,1.0,0.269537480063796,0.97,True,True
39007000602,0.75,0.104719764011799,0.54,False,False
39061006600,0.75,0.263233190271817,0.97,False,False
39061007500,0.8333333333333334,0.043963254593176,0.61,False,False
39061008202,0.8,0.06483226535997,0.57,False,False
39049009332,0.8571428571428571,0.068445475638051,0.54,True,True
39049009322,0.875,0.170957361222848,0.77,True,True
39003011200,0.8,0.168534482758621,0.34,False,False
39053953500,0.75,0.155321188878236,0.53,False,False
39087051100,0.8571428571428571,0.111039241052178,0.56,True,True
39087050200,0.75,0.076687116564417,0.54,False,False
39139001300,0.75,0.06934628975265,0.5,False,False
39049005820,0.75,0.043410852713178,0.57,False,False
39049007550,0.75,0.107291666666667,0.64,False,False
39093022500,0.75,0.084249084249084,0.45,False,False
39049005200,0.75,0.023037875829754,0.11,False,False
39049000320,0.8333333333333334,0.118055555555555,0.49,False,False
39013011900,1.0,0.084037162162162,0.49,True,False
39155933302,0.75,0.104437229437229,0.52,False,False
39029951900,0.8,0.119007569386039,0.72,False,False
39029952400,0.6,0.125840537944284,0.55,False,False
39113070600,1.0,0.069967707212056,0.57,True,True
39017013500,1.0,0.171530977982591,0.83,True,True
39131952500,0.8,0.181021341463415,0.6,False,False
39081011800,0.5714285714285714,0.040364068064899,0.51,False,False
39141956700,0.75,0.096947935368043,0.55,False,False
39099810700,0.8,0.03322528363047,0.62,False,False
39099814000,0.7777777777777778,0.243619489559165,0.98,False,False
39095002600,1.0,0.173312883435583,0.56,True,True
39163953100,1.0,0.186494252873563,0.64,True,True
39035106100,0.8333333333333334,0.098561151079137,0.56,False,False
39035152102,0.8333333333333334,0.121157323688969,0.58,False,False
39035103500,0.8333333333333334,0.13452566096423,0.63,False,False
39035154400,0.8,0.154628143392188,0.42,False,False
39035104300,1.0,0.033733562035449,0.34,True,True
39035154601,0.8571428571428571,0.12577502214349,0.62,True,True
39079957700,0.75,0.115282293822051,0.46,False,False
39035118700,0.7777777777777778,0.118170266836086,0.92,False,False
39035108301,0.7777777777777778,0.297418630751964,0.91,False,False
39153508301,0.8333333333333334,0.160919540229885,0.96,False,False
39035980100,0.875,,,True,True
39035188106,1.0,0.055045871559633,0.62,True,True
39035133103,0.7777777777777778,0.09930981595092,0.61,False,False
39035192800,0.875,0.004045307443366,0.2,True,True
19111490700,0.6,0.05375,0.5,False,False
19179960800,0.75,0.120166793025019,0.54,False,False
19155021200,0.5,0.112882378285222,0.53,False,False
19155030502,0.8333333333333334,0.156424581005587,0.64,False,False
19155030800,0.75,0.170720720720721,0.49,False,False
23003951300,1.0,0.10398322851153,0.5,True,True
23003951100,1.0,0.06483300589391,0.47,True,True
23003952500,1.0,0.096513075965131,0.64,True,True
23003951900,1.0,0.080126754187415,0.39,True,False
23029955900,1.0,0.065153010858835,0.58,True,True
23029990000,0.8333333333333334,,,False,False
23019028000,1.0,0.107339449541284,0.56,True,True
23019030000,1.0,0.111936193619362,0.61,True,True
23025965301,1.0,0.083223249669749,0.6,True,True
23025966600,0.75,0.169083717864206,0.63,False,False
23025966300,0.8,0.085294117647059,0.49,False,False
23025966100,0.875,0.113540467970848,0.63,True,True
23025965700,0.75,0.096567505720824,0.63,False,False
23017966200,0.75,0.062671797691039,0.61,False,False
23001020300,0.8333333333333334,0.247571541086899,0.91,False,False
35035000402,0.75,0.113121272365805,0.38,False,False
35017964300,0.75,0.098675496688742,0.66,False,False
35017964200,0.875,0.05379513633014,0.57,True,True
35035000700,0.75,0.111951588502269,0.63,False,False
35045000504,1.0,0.060269627279936,0.61,True,True
35057963700,1.0,0.092755585646581,0.62,True,True
35001002600,1.0,0.116306954436451,0.62,True,True
35037958601,1.0,0.177881802223523,0.85,True,True
35001004603,0.8333333333333334,0.166432584269663,0.49,False,False
35006974700,0.8125,0.223726977248104,0.72,False,False
35041000300,1.0,0.138399597382989,0.66,True,True
35005000900,0.75,0.091701054562127,0.52,False,False
35047957300,1.0,0.200126262626263,0.95,True,True
35005001001,0.75,0.103853511888494,0.31,False,False
35039000100,1.0,0.11577964519141,0.56,True,True
35061970200,0.8,0.082266910420475,0.39,False,False
35039000300,1.0,0.153586756591048,0.58,True,True
35013001500,0.8181818181818182,0.190708130385912,0.3,False,False
35059950200,0.6666666666666666,0.18112582781457,0.71,False,False
35053978200,1.0,0.100460829493088,0.46,True,False
35053978302,1.0,0.118675827607745,0.74,True,True
35031945600,0.75,0.204747774480712,0.72,False,False
35031973100,0.8571428571428571,0.144768856447688,0.59,True,True
