,GEOID10_TRACT,state,Life expectancy (years),Unemployed civilians (percent),Percent of individuals < 200% Federal Poverty Line,Median value ($) of owner-occupied housing units,Percent individuals age 25 or over with less than high school degree,Percent enrollment in college or graduate school,Percent Black or African American alone,Percent American Indian and Alaska Native alone,Percent Non-Hispanic White,Linguistic isolation (percent),Current lack of health insurance among adults aged 18-64 years,Median household income in the past 12 months,Percent Hispanic or Latino,hbrd_rank,current_methodology_percent,current_summed_methodology,Urban Heuristic Flag,state_name
2501,25001010100,25,78.7,7.373020207536859,22.380467955239062,601900,4.4781643227239005,1.96353436185133,1.9172552976791097,0.0,89.53918600739993,2.5264394829612202,6.6,59063,4.1708711738984094,91.9034090909091,37.0,640,1,MA
2502,25001015300,25,69.9,6.902086677367569,52.50227479526842,290800,18.21112006446414,4.4776119402985,14.28571428571428,0.0,66.30269942371854,10.61093247588424,14.9,37695,15.31695480740066,93.4659090909091,45.0,690,1,MA
2503,25003900200,25,73.1,1.73141891891891,47.998230479982304,123900,12.60884709160571,6.767354051699099,8.02550571679859,0.30782761653474,77.26473175021987,0.80930703085483,13.4,41223,9.586631486367631,91.1221590909091,44.0,940,1,MA
2504,25003900600,25,74.3,19.871382636655948,56.77335919818945,130200,20.99644128113879,6.4789818742769,12.41157556270096,0.83601286173633,67.29903536977491,3.94289598912304,14.9,26897,10.61093247588424,94.8153409090909,48.0,715,1,MA
2505,25005631400,25,73.5,8.4070796460177,46.83592269799166,266700,13.56450790413054,5.9040590405904005,4.71876179690449,0.90600226500566,73.23518308795772,5.8181818181818095,14.6,44643,16.64779161947905,90.625,49.0,565,1,MA
2506,25005640901,25,76.4,8.84077582318448,50.1892635925671,237200,29.52920143027414,10.12370613481444,16.14991482112436,0.61328790459965,65.84327086882453,11.02588686481303,15.1,44842,10.0511073253833,90.1278409090909,43.0,905,1,MA
2507,25005641101,25,69.5,4.23076923076923,71.29217059197963,224200,22.48186946011281,4.91684743311641,10.82113303628262,0.0,69.1279439847231,15.84158415841584,17.0,16935,17.63208147676639,96.23579545454544,55.00000000000001,550,1,MA
2508,25005641400,25,77.4,7.90916209866875,53.96525679758308,200800,30.708245243128964,5.76752440106477,9.72733971997052,0.0,61.974944731024316,20.13626040878122,16.3,26304,10.68533529845246,91.33522727272728,48.0,564,1,MA
2509,25005642000,25,74.5,9.06040268456375,56.6058801637514,214900,26.465841850457227,9.306569343065691,4.76367696315593,0.0,66.35653144771119,12.43523316062176,16.0,23775,24.71157424637141,98.4375,54.0,759,1,MA
2510,25005650600,25,81.0,9.115523465703971,59.13642052565707,179200,21.57598499061913,5.66114031540638,3.03504380475594,0.0,45.55694618272841,12.157153446997771,17.5,35426,42.490613266583225,99.00568181818184,50.0,674,1,MA
2511,25005650700,25,68.1,4.05643738977072,63.21649484536083,194200,38.07878369039392,4.42825112107623,4.2640426404264,0.1230012300123,38.78638786387864,27.70809578107183,26.4,32770,55.59655596555966,97.65625,50.0,410,1,MA
2512,25005651300,25,77.5,14.022988505747119,51.87731359069275,222600,19.721254355400692,6.20333141872487,16.20810405202601,0.35017508754376997,49.6248124062031,3.6830357142857104,15.7,27102,13.80690345172586,95.73863636363636,52.0,447,1,MA
2513,25005651400,25,73.8,6.96286472148541,42.707672796448946,201100,19.223907225691338,4.96074232690935,6.51651651651651,0.30030030030029997,49.3093093093093,7.668231611893581,14.6,36500,20.54054054054054,92.64914772727272,43.0,525,1,MA
2514,25005651800,25,69.6,6.32911392405063,78.18844351900051,212900,23.70266479663394,13.607775871926812,4.32066631962519,0.0,59.656428943258724,4.21422300263388,16.0,13843,15.14836022904737,93.03977272727272,54.0,620,1,MA
2515,25005652000,25,74.2,5.23672883787661,42.86288701246482,205800,20.68394925537782,6.60813308687615,7.593955831073219,0.30995738086013,60.4804339403332,13.718411552346572,13.4,45577,20.767144517628818,95.88068181818184,36.0,410,1,MA
2516,25005652500,25,76.7,6.760772659732541,46.94921446839605,230500,35.116279069767444,7.41258741258741,8.95522388059701,0.0,43.90243902439024,23.88211382113821,18.7,36711,28.28540225700764,92.89772727272728,43.0,410,1,MA
2517,25005652700,25,73.3,8.81953867028493,54.322429906542055,226600,30.45434098065677,4.66766243465272,11.88607962801511,0.0,50.53763440860215,14.34108527131783,19.8,26316,25.37053182214472,91.97443181818184,44.0,645,1,MA
2518,25009203301,25,90.2,8.16418583671628,15.97603594608088,611700,2.61044176706827,5.14005197805371,0.19970044932601,0.0,90.18971542685972,1.09383995394358,5.2,90352,5.26709935097354,92.25852272727272,36.0,634,1,MA
2519,25009204200,25,76.5,6.75720437230871,38.13751806731364,379100,9.569923098832241,16.42905634758995,6.295001028594931,2.75663443735856,70.19131865871219,2.1739130434782603,9.9,55423,17.40382637317424,95.0284090909091,46.0,1045,1,MA
2520,25009204300,25,83.1,6.1558329746018,57.01674966047986,361800,22.49229715850736,6.40512409927942,14.462716828114441,0.6082451002478,39.78373507546744,13.539967373572589,17.9,36845,44.559585492227974,96.69744318181816,50.0,910,1,MA
2521,25009205500,25,81.7,6.0668592653735,47.6890756302521,327700,30.66008636644047,6.639839034205231,10.298876832286311,0.0,26.46106986483914,15.26670754138565,20.1,60550,53.13154387968779,90.05681818181817,40.0,615,1,MA
2522,25009206100,25,75.6,8.1772498857926,60.33115671641791,344500,36.66924265842349,8.43694493783303,11.94029850746268,0.18656716417910002,13.64272388059701,26.160337552742618,25.0,31000,63.969216417910445,98.01136363636364,65.0,859,1,MA
2523,25009206200,25,81.4,3.9520570132815,43.83050847457627,283200,41.1037654498419,9.968708091193559,13.1592249368155,0.23588879528222,14.928390901432179,18.65715983363042,23.3,60453,63.53833192923336,92.82670454545456,51.0,824,1,MA
2524,25009206600,25,79.8,6.15194054500412,29.276388581544587,318400,21.34536983110075,7.671745522587541,15.64505421553441,1.06218189865014,49.34720070812126,11.467391304347819,14.6,48750,26.93073688869218,96.3778409090909,48.0,870,1,MA
2525,25009207000,25,76.0,2.60707635009311,56.005110732538334,182600,42.997888810696686,3.3123028391167098,32.31681490893689,0.0,21.17746717492588,30.9,22.9,26346,38.03473104616688,93.75,56.00000000000001,559,1,MA
2526,25009250200,25,79.1,19.258295380611578,43.43928280358598,305200,27.99776910206358,13.24041811846689,3.28425821064552,0.0,16.64779161947905,15.4015401540154,23.3,44659,82.75359974114221,96.44886363636364,56.99999999999999,1009,1,MA
2527,25009250400,25,76.6,5.66700100300902,65.25686977299881,190400,50.49038838760298,8.99937067337948,3.05343511450381,0.0,2.76717557251908,41.04,33.7,35938,96.875,97.08806818181816,60.0,749,1,MA
2528,25009250600,25,80.4,6.42557313529221,44.04086265607264,278200,29.20127795527156,5.49607423269093,2.54968128983877,1.19985001874765,12.110986126734149,34.73305338932214,25.8,51843,85.56430446194226,91.19318181818184,44.0,690,1,MA
2529,25009250700,25,82.6,9.41006152732537,44.38312968072526,327100,42.60619610348131,5.26455026455026,3.44895545920378,0.0,6.46432794639337,43.05929919137466,29.6,51250,89.4560504532913,98.1534090909091,52.0,705,1,MA
2530,25009250800,25,81.4,10.06231248557581,47.11205749268033,291600,27.015971951694578,5.4846551200243,9.94920084252261,0.7310122661380201,21.137405525957128,17.16287215411558,22.7,51520,72.13480361789122,95.09943181818184,48.0,1065,1,MA
2531,25009250900,25,76.6,11.98668146503884,71.08490566037736,209500,42.35668789808917,8.46944948578342,2.87735849056603,1.0377358490566,2.5,40.02677376171352,32.7,21911,95.80188679245283,97.01704545454544,55.00000000000001,393,1,MA
2532,25009251000,25,76.6,1.76991150442477,46.684636118598384,229200,42.771599657827196,6.908583391486391,8.061932728243459,0.64068339562199,4.69834490122797,34.23597678916827,27.8,52434,93.27282434596904,95.8096590909091,59.0,300,1,MA
2533,25009251100,25,76.6,2.74122807017543,62.4852536374361,247400,35.03093764873869,4.825506247307191,8.402452217814641,0.0,22.79120086548864,36.16144975288303,29.2,20513,77.06455102776776,91.40625,50.0,584,1,MA
2534,25009251200,25,77.7,13.464447806354011,56.12040133779265,169600,45.70446735395189,6.78260869565217,1.53846153846153,1.53846153846153,3.07692307692307,46.15384615384615,30.2,24773,96.8561872909699,97.90482954545456,59.0,310,1,MA
2535,25009251400,25,79.4,12.560566530003719,48.64103080330179,286200,29.90043559427505,5.74047274481427,5.45954438334642,0.78554595443833,11.37077769049489,23.831468071099398,25.1,51862,80.16496465043204,90.3409090909091,43.0,635,1,MA
2536,25009251600,25,78.9,7.96605529701615,43.04453441295546,272300,30.88386433710174,8.06153846153846,3.6642453591606103,0.0,16.94915254237288,22.68292682926829,24.5,50625,78.30508474576271,95.38352272727272,44.0,828,1,MA
2537,25009252400,25,77.7,4.71774193548387,49.663555459084,312000,24.41690962099125,7.848173515981729,6.85912741480355,0.0,22.29216409811157,20.51965356429047,21.1,46844,69.54634252224875,95.52556818181816,47.0,635,1,MA
2538,25009252501,25,80.2,10.51202482544608,35.8271375464684,331600,14.89744512414537,8.97867564534231,7.87037037037037,0.0,46.157407407407405,3.8489469862018804,13.9,67168,42.01388888888889,91.61931818181816,39.0,540,1,MA
2539,25009260100,25,76.9,10.93066833229231,50.69331892670629,217900,14.64530892448512,5.63410920165325,8.53114402998393,0.0,41.97751204711761,12.93103448275862,16.2,35051,48.31340353382117,98.08238636363636,48.0,1120,1,MA
2540,25009260800,25,82.3,5.88712951684937,54.9990140011832,255000,17.78846153846154,7.148594377510039,1.68198709172697,0.0,44.025034226481516,5.83742498636115,17.5,45271,47.4672403676902,97.58522727272728,49.0,890,1,MA
2541,25013800201,25,77.7,13.180347160929681,49.0205081114172,138300,22.77227722772277,5.71731074642668,9.05896730827986,0.0,38.63428047662695,4.49855550969872,17.3,40074,47.64741827069966,95.24147727272728,48.0,1215,1,MA
2542,25013800400,25,74.9,6.4673157162726,48.39537869062901,149200,18.704676169042262,6.969888397557381,8.418407413224429,2.16742578922569,34.42751688393278,19.004524886877817,19.8,47734,57.81372702999843,92.04545454545456,51.0,1115,1,MA
2543,25013800600,25,76.6,21.871476888387818,86.55070004242681,165900,68.20908311910883,4.288266825491361,10.06739679865206,0.50547598989048,1.22156697556866,44.33374844333748,41.0,14307,96.04043807919123,94.60227272727272,64.0,479,1,MA
2544,25013800800,25,76.4,32.4031007751938,83.65520489872821,178600,49.95808885163453,6.95224719101123,12.19971738106453,0.28261893546867,8.76118699952896,29.036004645760737,36.7,14068,82.10080075365049,90.48295454545456,62.0,529,1,MA
2545,25013800900,25,75.5,14.45692883895131,82.07058823529411,147200,42.47464503042596,5.03184713375796,12.30588235294117,0.0,7.12941176470588,27.73109243697479,32.9,18750,82.47058823529412,93.60795454545456,50.0,905,1,MA
2546,25013801101,25,70.3,3.64583333333333,78.24561403508771,105900,27.73044151820294,6.71428571428571,15.02923976608187,0.46783625730993994,11.754385964912279,32.15940685820204,24.1,17346,70.7017543859649,95.3125,55.00000000000001,595,1,MA
2547,25013801200,25,75.7,23.26024785510009,84.87574978577548,147200,26.95810564663023,4.29887410440122,26.78142514011209,0.0,10.92874299439551,19.88636363636363,27.3,13288,64.85188150520416,97.30113636363636,52.0,620,1,MA
2548,25013801700,25,75.6,6.814476687316589,52.459016393442624,155100,20.76783555018138,45.447589900535576,39.53367200729452,0.59919239286179,31.31431548782076,8.7575259989053,15.0,31995,28.956623681125436,96.875,57.99999999999999,1065,1,MA
2549,25013801800,25,76.2,7.67295597484276,76.40826873385012,105100,33.50987000481463,15.26004360012457,26.6224538133586,0.0,13.99810516342965,14.97659906396256,24.9,29057,61.48744670772146,99.57386363636364,56.99999999999999,690,1,MA
2550,25013801901,25,75.6,8.25396825396825,81.31147540983606,137200,33.72278279341476,10.35455278001611,37.37864077669903,0.32362459546925,9.762675296655871,15.32447224394058,28.9,21596,47.03344120819849,97.90482954545456,59.0,785,1,MA
2551,25013802000,25,76.3,18.92816419612314,80.22274721565981,118600,41.71813587871982,8.26702033598585,12.14984812689841,0.0,7.66115423557205,28.521434820647418,31.9,18241,77.8265271684104,94.2471590909091,56.99999999999999,685,1,MA
2552,25013802200,25,74.5,18.72246696035242,68.89433170048986,162500,31.79190751445087,2.87640449438202,14.16695531693799,1.45479736750952,20.1246969172151,14.821591948764858,25.7,31108,57.04883962590925,95.45454545454544,57.99999999999999,645,1,MA
2553,25013802300,25,75.8,4.5509708737864,57.35294117647059,156600,26.177354709418836,11.19388729703916,25.6260920209668,0.37856726849155004,13.08969132207338,19.79121357111787,21.8,32461,55.052417006406515,94.06960227272728,50.0,1145,1,MA
2554,25013811400,25,79.8,8.75179340028694,82.01284796573876,186400,33.931240657698055,8.53808353808353,4.28265524625267,0.0,3.42612419700214,34.62819089900111,34.2,17741,93.10492505353321,94.06960227272728,54.0,493,1,MA
2555,25013811600,25,76.9,10.09796533534287,75.2606153063819,159300,40.28197381671702,10.38344078724126,6.85728744939271,0.0,7.94534412955465,32.610441767068274,33.6,22807,89.01821862348179,98.29545454545456,53.0,633,1,MA
2556,25013811700,25,78.5,12.564543889845089,70.28985507246377,112200,38.24378971692663,10.8695652173913,0.2255299954894,0.0,18.22282363554352,37.31490621915103,28.3,18687,78.9806044203879,98.65056818181816,50.0,464,1,MA
2557,25013811800,25,76.8,5.3861788617886095,52.06794682422452,132400,19.34501142421934,3.38393421884882,2.91309669522643,0.0,33.46389228886169,11.35458167330677,20.3,41694,64.0391676866585,91.47727272727272,42.0,625,1,MA
2558,25013812001,25,76.1,8.167938931297709,67.42788461538461,178800,22.145168747110493,6.478342749529189,9.08011869436201,0.0,35.637982195845694,18.78031878031878,20.3,22687,57.50741839762611,95.5965909090909,52.0,689,1,MA
2559,25013812300,25,78.4,4.17007358953393,57.663293468261266,145300,20.52768918527109,7.239496795632561,3.0230853792598,0.0,77.62916819347745,6.5860775323051195,14.3,34688,13.887871015023808,90.76704545454544,51.0,1105,1,MA
2560,25015820300,25,82.1,4.53143534994068,54.515339190551636,382900,2.98216276477146,48.44998402045382,6.0932407538614095,1.04860422275754,67.43658778517784,4.2694147957305795,9.2,49923,8.941476548108259,97.3721590909091,44.0,1120,1,MA
2561,25017310300,25,76.0,9.5963872424499,35.8765195137556,220700,13.948393378773119,5.463375151760419,15.403071017274469,0.0,53.662827895073576,9.9594411897251,14.8,52520,23.736404350607803,94.2471590909091,45.0,940,1,MA
2562,25017310400,25,76.9,8.53731343283582,48.73458792991564,174600,18.384697130712,13.3469387755102,15.94758708852668,2.46085011185682,37.328219878555444,15.989628349178911,17.3,45486,36.1457334611697,98.9346590909091,50.0,538,1,MA
2563,25017310700,25,76.2,3.9382239382239304,51.424694708276796,213100,15.32702915681639,32.03517587939699,6.2538071065989795,0.0,42.3756345177665,8.16186556927297,14.5,41875,22.19289340101523,97.44318181818184,49.0,680,1,MA
2564,25017341300,25,81.3,5.01073729420186,45.554537121906506,381900,10.71960297766749,20.568972574703228,20.843263061411548,0.36663611365719,32.28230980751604,26.536098310291862,11.2,42500,4.10632447296058,91.05113636363636,48.0,1070,1,MA
2565,25017342101,25,77.4,5.193409742120339,37.10425489009881,422300,16.43674787202817,11.56511350059737,14.03061224489795,0.0,34.94897959183674,15.497254423428918,13.1,63239,34.32103610675039,96.30681818181816,49.0,739,1,MA
2568,25023510400,25,74.6,7.4430379746835404,43.95511921458626,239800,33.78823529411764,12.14918759231905,54.95118549511855,0.0,17.54532775453277,14.80804387568556,18.4,47679,2.92887029288702,90.9090909090909,53.0,550,1,MA
2569,25023510800,25,75.8,9.17836713468538,49.22966162706983,292800,27.38124238733252,12.37244897959183,61.27970226166619,0.0,7.61523046092184,17.341897233201582,17.5,55714,11.00772974520469,90.26988636363636,45.0,935,1,MA
2570,25023511500,25,79.0,8.767517067912319,39.22474392448283,250000,31.5160567587752,11.64801627670396,61.52931854199684,0.0,10.57844690966719,13.63947909527073,17.3,58340,13.411251980982561,90.55397727272728,44.0,650,1,MA
2571,25023530500,25,76.2,6.00428877769835,23.31681123502685,390300,7.587548638132289,6.820175438596491,2.37146651489281,0.0,94.36539556061469,3.35140463282405,8.0,70924,0.0,92.64914772727272,38.0,780,1,MA
2572,25025000802,25,80.2,4.92785793562708,38.37609511889862,607900,10.820285113344239,34.76908723371171,5.74541113266676,0.61184897776451,53.54424712729443,17.13649851632047,10.6,60772,16.23638262945829,96.16477272727272,44.0,1074,1,MA
2573,25025010203,25,79.2,2.262044653349,48.22642896526374,448000,5.41030287341444,37.63605117433645,5.718370264474619,0.42887776983558995,50.911365260900645,13.50107394906413,9.6,41544,15.56468906361686,93.96306818181816,39.0,1010,1,MA
2574,25025010500,25,80.1,7.44741330301307,38.39254915488099,937500,6.1263868789194404,39.719626168224295,8.90711983592147,0.0,55.99179607383533,19.100391134289442,9.2,54278,17.814239671842948,94.74431818181816,37.0,533,1,MA
2575,25025050700,25,82.2,2.4850042844901403,44.35512683101107,504200,42.58145363408521,4.10628019323671,1.33761369716425,0.0,25.450329944711967,43.46268656716417,25.8,68384,70.26930622436241,98.22443181818184,54.0,895,1,MA
2576,25025070200,25,87.9,8.864821500200561,58.22545846817692,700400,36.62346294449983,41.420361247947454,4.29927414852037,0.67001675041876,36.08784664061046,49.8041410184667,13.8,28646,3.2756374464917104,90.19886363636364,45.0,750,1,MA
2577,25025080100,25,80.2,10.99887766554433,54.93387589013224,477600,25.91991341991342,9.521757862990091,51.10949436158603,2.36449618042924,14.696253182975619,17.17032967032967,21.0,32258,27.246271371407783,98.79261363636364,61.0,430,1,MA
2579,25025081100,25,76.0,4.42132639791937,46.24697336561743,433500,9.5509383378016,26.124523506988563,17.49271137026239,0.0,53.91156462585034,18.72025383395029,10.6,57687,13.192419825072879,90.69602272727272,46.0,788,1,MA
2580,25025081500,25,76.1,14.066852367688021,59.31958016648571,436300,26.958002270147556,10.36668175645088,56.145350908443184,0.57000356252226,12.611328820805129,12.69674711437565,18.3,36464,24.43890274314214,93.67897727272728,52.0,449,1,MA
2581,25025081800,25,76.9,14.68574984443061,67.12286158631416,422400,20.75098814229249,13.37333904843549,58.333333333333336,0.0,6.3333333333333295,16.90962099125364,19.0,30767,35.93939393939394,99.64488636363636,56.00000000000001,739,1,MA
2582,25025081900,25,79.5,9.81308411214953,62.33801295896328,582400,15.809935205183582,8.31295843520782,68.08855291576674,0.0,3.6987041036717003,18.7630298818624,17.2,27745,31.80345572354212,99.36079545454544,65.0,795,1,MA
2583,25025090100,25,80.1,11.22008630835621,47.79148428173498,470300,22.4390243902439,8.99402131531063,65.81774771189814,0.0,3.3426183844011104,17.06915477497256,17.6,34195,35.05769996020692,94.88636363636364,51.0,905,1,MA
2584,25025090200,25,75.6,14.16216216216216,68.52640545144804,484000,25.41478129713423,3.9044289044289,62.819420783645654,0.0,1.87393526405451,27.43362831858407,23.9,26755,35.689948892674614,92.96875,53.0,395,1,MA
2585,25025090300,25,75.6,9.63480963480963,69.75767366720517,453800,17.01408450704225,5.9341678256838195,64.20032310177706,0.0,4.58804523424878,16.294458229942098,20.4,30975,34.89499192245557,98.86363636363636,53.0,605,1,MA
2586,25025090400,25,78.5,12.05287713841368,45.15468607825296,368400,24.27431059506531,7.73325861585878,70.22292993630573,0.0,1.47861692447679,14.113207547169809,19.3,38750,41.6287534121929,99.07670454545456,56.99999999999999,740,1,MA
2587,25025090600,25,77.6,15.987460815047019,52.31958762886598,372200,26.45533141210374,10.72649572649572,67.4087591240876,0.18248175182481002,5.10948905109489,20.82294264339152,18.3,50117,18.1021897810219,95.17045454545456,54.0,410,1,MA
2588,25025090901,25,80.0,7.82560089435438,65.69942513003011,356800,12.611607142857139,45.37350138333845,12.729263618943328,1.06761565836298,25.184779633178213,15.416666666666659,14.1,25662,33.58883109772789,95.66761363636364,54.0,655,1,MA
2589,25025091300,25,76.9,5.11402902557014,56.20328849028401,463400,25.99502487562189,15.24280575539568,67.41405082212258,0.82212257100149,7.399103139013451,19.24939467312348,19.2,41020,23.09417040358744,98.57954545454544,57.99999999999999,460,1,MA
2590,25025091500,25,76.9,14.85325697924123,43.22033898305085,554800,27.33512384362876,6.25892432175154,53.794298921417564,0.0,12.90446841294299,23.2902033271719,18.0,53651,27.61941448382126,93.89204545454544,43.0,655,1,MA
2591,25025091600,25,73.8,8.33790455293472,49.88669472321139,368800,18.3754333828628,8.25614176399516,37.71447070249271,0.0,18.51731952088054,21.82296231375986,16.8,47317,16.70443509226286,92.4715909090909,39.0,425,1,MA
2592,25025091700,25,77.2,12.662337662337661,44.12128712871287,449200,30.25616239729338,8.11627029067572,66.57483930211203,0.33670033670033,4.10162228344046,20.7,18.6,49800,18.08999081726354,99.5028409090909,60.0,584,1,MA
2593,25025091800,25,75.6,12.44044467972472,52.19335009779268,397800,21.54620311070448,7.06174591909155,66.58284436993573,0.75440067057837,4.58228555462419,18.12297734627831,19.9,33784,23.21877619446772,99.43181818181816,56.00000000000001,630,1,MA
2594,25025091900,25,76.7,14.65990705534431,42.82243816254417,382900,19.15903696168192,6.930415263748591,71.7756183745583,0.0,4.79240282685512,11.00513573000733,17.9,54375,31.470848056537097,94.67329545454544,46.0,620,1,MA
2595,25025092000,25,77.2,11.40433553251649,32.57602862254025,439400,22.82234577707175,7.934805918936299,63.23792486583184,0.55456171735241,7.76386404293381,16.81664791901012,16.7,57214,21.0912343470483,93.39488636363636,46.0,794,1,MA
2596,25025092101,25,80.1,3.8918666977394505,37.18446601941748,517600,24.75622968580715,9.72990562967783,21.32222373992623,0.3278240677503,27.619177707963388,25.42927228127555,14.4,56149,10.39475481491599,95.95170454545456,45.0,1054,1,MA
2597,25025092300,25,81.6,7.47562296858071,35.1493848857645,422900,19.47809878844361,5.9855127716355305,79.14609352309033,0.60993319779262,4.15335463258785,11.66509877704609,15.6,55469,28.056927098460637,94.2471590909091,45.0,464,1,MA
2598,25025100100,25,83.8,7.900399631109741,56.50057273768614,319100,18.90666030078777,6.342575009494871,78.89633537715672,0.29944388991872,2.13888492799087,11.89287335451656,18.1,28659,25.324397547411948,92.4715909090909,47.0,1020,1,MA
2599,25025100200,25,74.8,12.55131964809384,49.2001207364926,357300,20.92092092092092,8.09061488673139,83.53365384615384,0.0,1.8329326923076898,2.64270613107822,16.6,53269,16.25600961538461,96.80397727272728,50.0,469,1,MA
2600,25025100300,25,79.9,7.3394495412844,39.37514357914082,421000,18.16553206735937,7.6065198741778595,83.340919435594,0.0,3.0268548020027297,6.19012527634487,14.8,51645,8.01092398725534,97.79829545454544,46.0,580,1,MA
2601,25025100500,25,80.3,10.663983903420519,35.31419705197828,388300,18.98372195336559,11.64111300397501,57.707987316925866,0.0,16.78997433187377,19.43815133665609,14.2,59913,17.650611505360107,94.53125,49.0,1049,1,MA
2602,25025101001,25,78.2,7.9090909090909,37.342304457527334,402900,13.220720720720719,6.27049180327868,88.87595610242766,0.0,1.7958097771865598,18.32167832167832,14.1,64185,14.283338875956101,92.4715909090909,41.0,890,1,MA
2603,25025101002,25,76.5,12.40076649329318,38.47915712322492,344200,16.033280863503478,9.02905479955866,83.93875712999099,0.0,3.93275292704893,11.6231647634584,14.9,49947,13.61453017111978,91.76136363636364,46.0,1040,1,MA
2604,25025101101,25,82.0,16.70951156812339,39.94988864142539,412600,15.94142259414226,11.45762711864406,88.2238307349666,0.0,1.0579064587973201,6.22775800711743,14.4,50625,14.810690423162582,96.09375,47.0,515,1,MA
2605,25025101102,25,77.4,10.20833333333333,40.75973409306743,436100,19.79695431472081,8.92030848329048,87.35042735042735,0.0,1.7853751187084501,16.43420254699818,15.9,46080,15.57454890788224,98.50852272727272,46.0,750,1,MA
2606,25025110401,25,83.4,9.11259541984732,36.590491200420274,420700,11.04089219330855,4.41609421000981,36.354084581034925,0.8668242710795899,35.32965589703178,16.83098591549295,12.8,64494,33.123194116101914,93.82102272727272,38.0,539,1,MA
2607,25025140300,25,81.1,13.662572073201302,43.83454734651404,417100,16.54915785350568,9.73521484065324,55.36774193548387,0.0,14.64516129032258,20.34564021995286,15.5,62056,29.741935483870968,94.38920454545456,48.0,1245,1,MA
2608,25025140400,25,80.4,8.8983913663205,33.06290286730384,369700,18.78769135611566,12.12204131892187,73.65282685512368,0.62941696113074,6.51501766784452,9.20065252854812,13.7,62743,21.86395759717314,92.1875,39.0,1180,1,MA
2609,25025160200,25,80.6,3.7800687285223304,54.902433148638885,355000,42.97419090536665,3.71644872677219,1.51770657672849,0.0,6.889906046735721,45.27402700555997,30.3,49688,90.02649963864128,90.98011363636364,47.0,579,1,MA
2610,25025160300,25,75.8,6.05363984674329,32.56535223748338,380300,16.50233523611831,5.70453437347635,6.7893123083661795,0.0,52.38720981165134,13.31269349845201,11.8,52500,36.22426631625055,92.32954545454544,35.0,465,1,MA
2611,25025160502,25,74.5,4.79580367178718,50.82587064676617,360300,30.38163387000596,2.83293619274556,7.8354554358472,0.0,19.333986287952982,21.82448036951501,24.9,47689,67.24779627815866,91.6903409090909,49.0,880,1,MA
2612,25025170501,25,79.8,5.83162217659137,28.977410735972796,317900,12.3292127521145,10.81615362891838,3.4734029633228,0.0,49.162011173184354,10.470588235294109,11.6,60179,37.79451056594607,96.51988636363636,46.0,745,1,MA
2613,25025170701,25,77.3,9.01386748844376,39.512661251791684,337200,17.120387174833628,7.53275109170305,3.95426393520724,0.0,48.02286803239638,14.14581066376496,14.2,49390,29.96665078608861,93.53693181818184,45.0,415,1,MA
2614,25025180101,25,77.6,1.33836650652024,33.09294871794871,380100,5.30995307483329,6.15528095127069,2.44391025641025,0.0,82.43189102564102,4.16491375683634,8.6,51953,12.25961538461538,96.94602272727272,48.0,1165,1,MA
2615,25027710800,25,77.1,12.244897959183671,61.60270880361174,181900,19.57094467444486,17.59077526987242,9.23387096774193,0.38306451612903,52.54032258064516,5.2863436123348,16.6,38516,36.49193548387097,94.95738636363636,52.0,792,1,MA
2616,25027731101,25,80.8,5.94479830148619,46.97420634920635,223300,19.84216459977452,5.13761467889908,9.943251912163829,0.0,59.067357512953365,6.32832080200501,15.7,42056,20.87342709104367,93.32386363636364,45.0,700,1,MA
2617,25027731204,25,74.1,7.63636363636363,54.6875,245500,19.70509383378016,12.78561011181332,11.85633924707918,0.0,34.79013414106447,10.46931407942238,20.2,36161,40.155776720034616,93.18181818181816,48.0,344,1,MA
2618,25027731300,25,77.4,7.39706908583391,59.75833990018388,233900,31.67625308134758,14.020215194000649,17.28743899306447,1.6953506293347,21.91112252761366,20.62841530054645,23.5,29028,48.77986128949396,97.72727272727272,60.0,789,1,MA
2619,25027731500,25,76.3,7.35524256651017,64.7520184544406,190900,31.037489102005228,2.92921074043938,14.09791477787851,4.53309156844968,38.64460562103354,18.98238747553816,23.2,22975,41.06980961015412,98.7215909090909,64.0,1259,1,MA
2621,25027731700,25,77.9,4.686584651435259,56.21752684447523,153200,21.66434216643421,13.56174161313347,18.23777129899579,1.03660511823777,45.319080012957556,15.45952525867316,16.5,34495,23.93909944930353,94.46022727272728,53.0,775,1,MA
2622,25027731900,25,78.9,12.873225648556039,60.69904490957122,183100,27.33050847457627,11.05,17.54138070246265,0.0,34.477190149374245,22.65221878224974,20.8,34507,34.84053290270488,96.5909090909091,55.00000000000001,965,1,MA
2623,25027732400,25,71.6,6.796375266524519,46.47344374643061,250500,20.51936007419429,8.507670850767079,18.289952420934778,4.25412818359921,20.92079485026588,22.42907801418439,17.5,39969,52.197033305345656,98.36647727272728,56.99999999999999,1259,1,MA
2624,25027732500,25,72.9,1.5748031496062902,64.4528779253637,245000,33.01435406698564,11.03151862464183,7.9696394686906995,0.31625553447185,40.35420619860848,12.51596424010217,22.7,32681,45.604048070841245,93.2528409090909,59.0,419,1,MA
2625,25027732700,25,75.2,7.7812828601472095,57.16096324461344,172200,26.78999657416923,7.01096364685516,20.71050642479213,0.20156210632401003,39.203829680020156,10.53811659192825,17.4,33352,31.99798437893676,97.1590909090909,52.0,920,1,MA
2626,25027733000,25,74.9,6.923506420993849,53.032069970845484,161800,26.34166325276526,7.73075641452849,9.974204643164231,0.0,47.14817999426769,9.09090909090909,21.3,37853,29.0627687016337,91.26420454545456,56.00000000000001,678,1,MA
2627,25027757200,25,74.4,8.62214708368554,58.74246339362619,157600,27.14078374455733,8.33802816901408,5.08182601205857,0.0,42.85099052540913,9.97854077253218,21.1,29583,41.343669250645995,92.11647727272728,49.0,478,1,MA
